PLAYER_ID,PLAYER_NAME,POSITION,TEAM,AGE,GAMES,GAMES_STARTED,MIN_TOTAL,PTS,REB,AST,STL,BLK,TOV,PF,FG_PCT,FG3_PCT,FT_PCT,USAGE_RATE,DWS,OWS,WS,WS_48,PER,TS_PCT,BPM,OBPM,DBPM,PLUS_MINUS,WIN_PCT,NET_RATING
1,Shai Gilgeous-Alexander,PG,OKC,27,49,49,1632,31.8,4.4,6.4,1.3,0.8,2.1,2.1,0.554,0.39,0.892,33.6,2.9,8.5,11.4,0.335,31.6,0.67,11.8,9.1,2.7,19.2576,0.677,17.700000000000003
2,Tyrese Maxey,PG,PHI,25,51,51,1976,28.8,4.2,6.8,2,0.8,2.5,2.2,0.47,0.379,0.891,29.1,2.1,5.2,7.3,0.178,22.7,0.598,5.9,5.3,0.6,11.6584,0.5885,8.850000000000001
3,Donovan Mitchell,SG,CLE,29,50,50,1691,29,4.5,5.9,1.5,0.3,3.1,2.4,0.485,0.377,0.85,32.6,1.8,4.3,6.1,0.172,23.3,0.617,5.7,5.7,-0.1,9.6387,0.5855,8.55
4,Jaylen Brown,SF,BOS,29,48,48,1647,29.4,6.9,4.7,1,0.4,3.6,2.8,0.484,0.352,0.772,36.9,2.1,2.2,4.3,0.125,22.4,0.572,3.1,3.7,-0.6,5.105700000000001,0.5465,4.65
5,Luka Dončić,PG,LAL,26,42,42,1492,32.8,7.8,8.6,1.5,0.5,4.3,2.4,0.473,0.345,0.781,37.9,1.6,4.3,5.9,0.19,27.5,0.614,8.1,7.4,0.7,12.085199999999999,0.6214999999999999,12.149999999999999
6,Jalen Brunson,PG,NYK,29,49,49,1698,27.4,3.3,6.1,0.7,0.1,2.2,2.3,0.47,0.372,0.847,31.2,1.2,4.8,6,0.169,21.1,0.587,3.3,4.6,-1.3,5.6034,0.5495,4.949999999999999
7,Anthony Edwards,SG,MIN,24,45,45,1599,29.6,5.2,3.8,1.3,0.8,2.7,1.8,0.492,0.397,0.795,31.5,2,3.5,5.4,0.163,22.6,0.619,5,5.1,-0.1,7.995,0.575,7.5
8,Kevin Durant,SF,HOU,37,49,49,1799,25.9,5.3,4.4,0.9,0.9,3.1,2,0.506,0.405,0.881,27.1,2,4.4,6.5,0.172,20.4,0.627,3.8,3.7,0.1,6.8362,0.5569999999999999,5.699999999999999
9,Jamal Murray,PG,DEN,28,49,49,1747,25.8,4.3,7.6,1,0.4,2.3,1.6,0.486,0.428,0.883,28.6,1,5.3,6.3,0.173,22.7,0.616,4.3,5.9,-1.6,7.5121,0.5645,6.449999999999999
10,Pascal Siakam,PF,IND,31,51,51,1723,23.7,6.7,3.9,1.1,0.5,2.2,2.4,0.48,0.369,0.68,29.3,1.5,1.3,2.8,0.077,18.7,0.56,1.5,2.2,-0.7,2.5845000000000002,0.5225,2.25
11,Julius Randle,PF,MIN,31,55,55,1849,22,7,5.5,1.1,0.3,2.6,2.8,0.489,0.322,0.82,26.3,2.2,4.1,6.3,0.164,19.9,0.595,2.5,2.4,0.1,4.6225,0.5375,3.75
12,Cade Cunningham,PG,DET,24,46,46,1610,25.3,5.6,9.6,1.4,0.8,3.7,3.2,0.459,0.321,0.81,30.8,2.6,3.3,6,0.177,21.8,0.564,5.7,4.5,1.2,9.177000000000001,0.5855,8.55
13,James Harden,PG,2TM,36,46,46,1627,25.3,4.9,8.1,1.3,0.4,3.6,1.9,0.421,0.351,0.904,31,1.3,3.9,5.2,0.154,22,0.6,3.8,4.8,-1,6.1826,0.5569999999999999,5.699999999999999
14,Deni Avdija,SF,POR,25,45,45,1550,25.5,7.2,6.7,0.8,0.6,3.8,2.6,0.467,0.354,0.8,29,1.4,3.7,5.1,0.158,21.1,0.61,4.9,4.5,0.3,7.595000000000001,0.5735,7.3500000000000005
15,Jalen Johnson,SF,ATL,24,49,49,1750,23.4,10.6,8.2,1.3,0.5,3.4,2.2,0.502,0.355,0.777,27.1,2.3,2.9,5.2,0.142,21.4,0.592,4.3,3.2,1.1,7.5249999999999995,0.5645,6.449999999999999
16,Brandon Ingram,SF,TOR,28,52,52,1768,22,5.8,3.7,0.8,0.8,2.5,1.9,0.472,0.364,0.835,27.3,2.1,0.9,3.1,0.083,16.6,0.568,0.5,1,-0.5,0.884,0.5075,0.75
17,Keyonte George,PG,UTA,22,48,48,1629,23.8,3.9,6.5,1.1,0.3,3.3,2.3,0.458,0.375,0.894,27.6,0.1,3,3,0.089,18.5,0.612,0.6,2.9,-2.3,0.9773999999999999,0.509,0.8999999999999999
18,Trey Murphy III,SF,NOP,25,51,51,1826,22.2,5.7,3.8,1.5,0.3,1.8,2.1,0.477,0.38,0.89,23.1,1.1,3.7,4.8,0.127,18.9,0.616,2.4,3.3,-0.8,4.3824,0.536,3.5999999999999996
19,Kawhi Leonard,SF,LAC,34,40,40,1311,27.9,6.3,3.7,2.1,0.5,2.1,1.3,0.492,0.387,0.913,33.4,1.7,3.8,5.5,0.201,27.5,0.62,8,7.1,0.9,10.488,0.62,12
20,Nikola Jokić,C,DEN,30,38,38,1304,28.8,12.2,10.7,1.4,0.8,3.6,2.7,0.593,0.42,0.846,30.7,1.8,8.1,9.9,0.363,35.3,0.703,15.8,11.8,4.1,20.6032,0.737,23.700000000000003
21,Devin Booker,SG,PHO,29,43,43,1458,25.2,4,6.3,0.9,0.3,3.3,2.7,0.455,0.311,0.863,31.2,1.3,2.8,4.1,0.135,19.5,0.58,1.7,2.7,-0.9,2.4785999999999997,0.5255,2.55
22,Lauri Markkanen,PF,UTA,28,40,40,1390,26.9,7,2.1,1,0.5,1.5,1.9,0.478,0.365,0.891,28,0.2,3.2,3.4,0.119,21.1,0.61,2.3,4.6,-2.2,3.1969999999999996,0.5345,3.4499999999999997
23,Nickeil Alexander-Walker,SG,ATL,27,53,46,1755,20.3,3.6,3.7,1.2,0.6,2,2.2,0.437,0.376,0.882,24.6,1.4,1.3,2.7,0.074,15.3,0.58,-0.5,0.6,-1.1,-0.8775,0.4925,-0.75
24,Stephen Curry,PG,GSW,37,39,39,1222,27.2,3.5,4.8,1.1,0.4,2.8,1.9,0.468,0.391,0.931,32.7,1.3,2.8,4.1,0.16,22.7,0.636,5.4,6.3,-0.9,6.598800000000001,0.581,8.100000000000001
25,Norman Powell,SG,MIA,32,45,45,1379,23,3.6,2.6,1.2,0.2,2,2.2,0.474,0.396,0.843,27.2,1.6,2.1,3.7,0.129,18.2,0.616,2.4,2.3,0.1,3.3096,0.536,3.5999999999999996
26,DeMar DeRozan,PF,SAC,36,55,55,1784,18.7,3.2,3.8,1.2,0.3,1.1,2.1,0.497,0.342,0.861,22.1,0.4,3.8,4.2,0.114,17.6,0.595,0,0.7,-0.6,0,0.5,0
27,Scottie Barnes,PF,TOR,24,53,53,1826,19.4,8.4,5.6,1.3,1.6,2.7,2.8,0.506,0.306,0.814,24,3,2.3,5.3,0.14,19.5,0.578,3.8,1.7,2.1,6.9388,0.5569999999999999,5.699999999999999
28,Michael Porter Jr.,SF,BRK,27,41,41,1353,25,7.2,3.2,1,0.2,2.5,2.2,0.474,0.385,0.853,30.3,1.1,1.9,3,0.105,20.7,0.609,3.8,4.8,-1,5.1414,0.5569999999999999,5.699999999999999
29,Shaedon Sharpe,SG,POR,22,48,42,1439,21.4,4.4,2.6,1.4,0.1,3,2,0.456,0.34,0.784,30.3,1.3,-0.1,1.2,0.039,15.6,0.55,-1.2,-0.1,-1.1,-1.7268000000000001,0.482,-1.7999999999999998
30,Dillon Brooks,SF,PHO,30,48,48,1499,21.2,3.6,1.8,1,0.2,1.8,3.4,0.44,0.345,0.858,28.5,1.4,0.8,2.2,0.07,14.5,0.549,-2,-0.7,-1.3,-2.998,0.47,-3
31,Desmond Bane,SG,ORL,27,52,52,1762,19.4,4.2,4.2,0.9,0.5,2.2,3,0.468,0.357,0.93,23.4,1.5,2.2,3.6,0.099,15.5,0.582,-0.2,0.5,-0.7,-0.35240000000000005,0.497,-0.30000000000000004
32,Kon Knueppel,SF,CHO,20,53,52,1704,18.9,5.5,3.5,0.7,0.2,2.2,2.1,0.485,0.428,0.899,22.1,1.3,3.7,5,0.141,17.2,0.646,2.6,3.2,-0.6,4.4304,0.539,3.9000000000000004
33,Cooper Flagg,SF,DAL,19,49,49,1669,20.4,6.6,4.1,1.2,0.8,2.2,2.1,0.482,0.302,0.804,25.1,2.1,1.2,3.3,0.094,17.3,0.56,1.3,0.6,0.7,2.1697,0.5195,1.9500000000000002
34,Karl-Anthony Towns,C,NYK,30,50,50,1572,19.8,11.9,2.9,0.9,0.6,2.5,3.5,0.464,0.348,0.852,25.9,2.5,3,5.5,0.168,20.4,0.592,1.7,1.6,0.1,2.6724,0.5255,2.55
35,Miles Bridges,PF,CHO,27,53,53,1707,18.2,6.1,3.5,0.5,0.5,1.5,1.8,0.449,0.327,0.845,22.9,1.4,2.8,4.3,0.12,16,0.565,0.7,1.3,-0.6,1.1949,0.5105,1.0499999999999998
36,Victor Wembanyama,C,SAS,22,39,30,1128,24.4,11.1,2.7,0.9,2.7,2.7,2.7,0.512,0.37,0.811,32.3,2.8,2.5,5.3,0.225,28.1,0.625,8.9,5.4,3.4,10.0392,0.6335,13.350000000000001
37,CJ McCollum,PG,2TM,34,50,37,1505,18.8,3.4,3.5,0.8,0.4,1.7,1.9,0.457,0.388,0.774,25.2,0.3,1.3,1.6,0.05,15.5,0.57,-1.2,1.1,-2.3,-1.8059999999999998,0.482,-1.7999999999999998
38,Alperen Şengün,C,HOU,23,45,45,1530,20.8,9.4,6.3,1.4,1,3.2,3.2,0.499,0.302,0.694,27,2.4,2.7,5.1,0.16,21.5,0.554,4.5,2.9,1.6,6.885,0.5675,6.75
39,Jaren Jackson Jr.,C,2TM,26,47,47,1432,19.3,5.7,2,1.1,1.4,2.2,3.8,0.473,0.358,0.801,25.9,1.8,0.2,2,0.067,15.5,0.573,-0.5,-1.2,0.6,-0.716,0.4925,-0.75
40,Amen Thompson,PG,HOU,23,51,51,1897,17.7,7.6,5.4,1.4,0.6,2.5,2.2,0.504,0.207,0.783,20.4,2.4,3.5,5.9,0.149,17.9,0.567,1.9,1.1,0.8,3.6043,0.5285,2.8499999999999996
41,Paolo Banchero,PF,ORL,23,42,42,1442,21.4,8.5,4.9,0.7,0.6,2.8,2,0.457,0.301,0.765,26.8,1.7,1.1,2.8,0.094,17.6,0.562,1.4,1.2,0.1,2.0187999999999997,0.521,2.0999999999999996
42,Payton Pritchard,PG,BOS,28,52,48,1699,17.1,4.2,5.3,0.8,0.1,1.1,1.4,0.459,0.356,0.863,21.1,1.4,4.4,5.8,0.164,17.6,0.575,2.2,2.8,-0.6,3.7378000000000005,0.533,3.3000000000000003
43,Derrick White,SG,BOS,31,51,51,1751,17.4,4.4,5.5,1.2,1.4,1.8,1.6,0.39,0.324,0.9,23.2,2.1,2.2,4.4,0.12,16.5,0.523,2.9,2.3,0.6,5.0779,0.5435,4.35
44,Immanuel Quickley,PG,TOR,26,51,51,1653,17,4.4,6.1,1.3,0.1,1.6,2.1,0.445,0.378,0.805,21.4,1.9,2.8,4.7,0.138,16.7,0.579,2.2,1.8,0.4,3.6366000000000005,0.533,3.3000000000000003
45,Ryan Rollins,PG,MIL,23,51,46,1633,16.9,4.6,5.5,1.5,0.4,2.4,2.7,0.463,0.407,0.757,23.8,1.4,1.1,2.5,0.075,15.9,0.568,0,0.4,-0.3,0,0.5,0
46,Bam Adebayo,C,MIA,28,47,47,1469,18.3,9.8,2.8,1,0.6,1.8,1.7,0.446,0.342,0.783,23.9,2.4,1,3.5,0.113,17.2,0.549,1.4,0.8,0.6,2.0566,0.521,2.0999999999999996
47,Mikal Bridges,SF,NYK,29,54,54,1866,15.8,4.2,4,1.4,0.8,1,2,0.502,0.389,0.821,17.4,2.1,3.9,6,0.155,16.5,0.603,3.4,2.1,1.3,6.3444,0.551,5.1
48,De'Aaron Fox,PG,SAS,28,44,44,1410,19.3,3.9,6.2,1.2,0.3,2.4,2.2,0.479,0.348,0.793,25,1.8,2.1,3.9,0.132,17.7,0.58,2.2,1.7,0.5,3.102,0.533,3.3000000000000003
49,LaMelo Ball,PG,CHO,24,44,41,1214,19.2,4.8,7.4,1.1,0.2,3.1,2.6,0.402,0.362,0.884,32.1,1.3,1.4,2.7,0.108,18.6,0.533,3,3.7,-0.7,3.642,0.545,4.5
50,Giannis Antetokounmpo,PF,MIL,31,30,30,876,28,10,5.6,0.9,0.7,3.3,2.6,0.645,0.395,0.658,36.3,1.1,3.7,4.8,0.261,33.5,0.679,10.3,8.1,2.3,9.0228,0.6545,15.450000000000001
51,Anthony Black,PG,ORL,22,52,32,1624,16.1,4.1,4,1.4,0.7,2.2,2.8,0.46,0.341,0.755,22.2,1.9,0.8,2.7,0.08,14.6,0.565,0,-0.5,0.5,0,0.5,0
52,Zion Williamson,PF,NOP,25,39,32,1154,21.5,6.2,3.5,1,0.6,2.3,2.4,0.582,0,0.712,27.3,0.7,3,3.7,0.152,23.3,0.629,3,3.7,-0.6,3.4619999999999997,0.545,4.5
53,Nikola Vučević,C,2TM,35,50,48,1531,16.6,9,3.7,0.7,0.6,1.5,2,0.502,0.369,0.833,21.7,1.3,2.3,3.7,0.116,18.2,0.582,1.6,1.8,-0.2,2.4496000000000002,0.524,2.4000000000000004
54,Chet Holmgren,PF,OKC,23,47,47,1382,17.6,8.7,1.6,0.5,2,1.6,2.5,0.564,0.359,0.774,22.1,3.1,3,6.1,0.213,21.4,0.654,3.7,2.2,1.5,5.1133999999999995,0.5555,5.550000000000001
55,Joel Embiid,C,PHI,31,31,31,972,26.6,7.5,3.9,0.6,1.1,3,2.2,0.494,0.32,0.858,33.7,1,2.4,3.4,0.167,24.9,0.606,4.7,5,-0.3,4.5684000000000005,0.5705,7.050000000000001
56,Matas Buzelis,PF,CHI,21,54,54,1526,15.2,5.3,2,0.6,1.5,1.9,2.4,0.474,0.37,0.778,21.8,1.3,0.7,2.1,0.065,14.8,0.596,-1.2,-0.7,-0.5,-1.8312,0.482,-1.7999999999999998
57,Saddiq Bey,SF,NOP,26,48,40,1458,16.6,5.8,2.4,0.9,0,0.7,1.1,0.45,0.345,0.842,20.8,0.6,3.1,3.7,0.122,17.4,0.575,0.7,2.4,-1.7,1.0206,0.5105,1.0499999999999998
58,Andrew Wiggins,SF,MIA,30,50,50,1564,15.9,5,2.8,1.2,1,1.7,2.2,0.471,0.395,0.767,20.3,2,1.2,3.2,0.097,14.7,0.57,0.9,0.3,0.5,1.4076000000000002,0.5135,1.35
59,Russell Westbrook,SF,SAC,37,52,46,1521,15.3,5.7,6.6,1.3,0.2,3.4,2.5,0.43,0.345,0.697,25.9,0.8,-0.5,0.3,0.01,15.1,0.533,-0.4,0.6,-1,-0.6084,0.494,-0.6000000000000001
60,Onyeka Okongwu,C,ATL,25,49,38,1567,16.2,7.8,3.3,1.2,1,2,3.5,0.483,0.375,0.77,20.4,1.9,1.5,3.3,0.102,15.7,0.592,-0.2,-0.4,0.2,-0.3134,0.497,-0.30000000000000004
61,Jaden McDaniels,PF,MIN,25,53,53,1700,14.9,4.2,2.8,0.9,1,1.7,3.3,0.518,0.45,0.845,17.9,1.9,2.3,4.2,0.118,14.1,0.622,-0.2,-0.5,0.3,-0.34,0.497,-0.30000000000000004
62,Naz Reid,C,MIN,26,55,2,1444,14.2,6.4,2.5,1,0.9,1.6,2.5,0.469,0.384,0.744,21.9,2.3,1.5,3.8,0.125,16.8,0.59,2.1,1.1,1,3.0324,0.5315,3.1500000000000004
63,Naji Marshall,SF,DAL,28,52,28,1539,15,5,3,1,0.1,1.4,1.9,0.531,0.314,0.779,19.1,1.6,2.5,4.2,0.13,16.1,0.619,0.6,0,0.7,0.9233999999999999,0.509,0.8999999999999999
64,Jalen Duren,C,DET,22,44,44,1218,17.7,10.4,1.8,0.9,0.8,1.9,2.8,0.631,NA,0.737,22.6,2.4,3.6,6,0.238,24.1,0.667,3.5,3.1,0.4,4.263,0.5525,5.25
65,Jabari Smith Jr.,PF,HOU,22,51,51,1788,15.2,7,1.9,0.8,1,1.3,2.6,0.436,0.36,0.771,17.9,2.2,2.2,4.4,0.118,13.4,0.555,-0.6,-0.6,0,-1.0728,0.491,-0.8999999999999999
66,LeBron James,SF,LAL,41,35,35,1165,21.8,5.7,6.9,1.1,0.6,3.1,1.4,0.502,0.306,0.742,28.3,1,1.7,2.7,0.111,20.4,0.584,2.7,3.1,-0.4,3.1455,0.5405,4.050000000000001
67,Jimmy Butler,SF,GSW,36,38,38,1182,20,5.6,4.9,1.4,0.2,1.6,1.2,0.519,0.376,0.864,23.2,1.3,4.7,6,0.245,23.5,0.646,5.5,4.9,0.6,6.5009999999999994,0.5825,8.25
68,Jaime Jaquez Jr.,SF,MIA,24,50,1,1438,15.1,5.4,4.7,0.8,0.3,2.3,2,0.507,0.278,0.748,22,1.7,1,2.7,0.089,15.1,0.563,-0.1,-0.5,0.4,-0.1438,0.4985,-0.15000000000000002
69,Anfernee Simons,SG,2TM,26,52,3,1300,14.5,2.4,2.5,0.5,0.2,1.2,1.7,0.444,0.391,0.893,23.6,0.9,2.1,3,0.111,15.3,0.582,0.2,1.7,-1.4,0.26,0.503,0.30000000000000004
70,Brandon Miller,SF,CHO,23,37,37,1122,20.4,4.6,3.3,1.1,0.9,2.7,2.7,0.426,0.366,0.887,28.9,1.2,0.7,1.9,0.081,16.3,0.56,0.5,1,-0.4,0.561,0.5075,0.75
71,Evan Mobley,PF,CLE,24,42,40,1402,17.9,8.8,4,0.9,2,2.1,2.5,0.512,0.304,0.635,21.9,2,1.9,3.9,0.134,18.6,0.576,2.7,1.2,1.5,3.7854,0.5405,4.050000000000001
72,Andrew Nembhard,PG,IND,26,43,43,1381,17.4,3,7.5,0.9,0.2,2.4,2.2,0.441,0.364,0.816,23.8,0.7,1.4,2.2,0.075,15.5,0.558,-0.9,0.9,-1.9,-1.2429000000000001,0.4865,-1.35
73,Zach LaVine,SG,SAC,30,39,37,1224,19.2,2.8,2.3,0.7,0.3,1.9,2.1,0.479,0.39,0.88,23.8,0.1,1.3,1.4,0.053,14.8,0.614,-1.6,0.6,-2.2,-1.9584000000000001,0.476,-2.4000000000000004
74,Tim Hardaway Jr.,SG,DEN,33,53,5,1459,14,2.6,1.3,0.5,0.2,0.5,1.2,0.447,0.404,0.863,18.6,0.5,2.6,3.1,0.103,14,0.626,-0.7,1.5,-2.2,-1.0213,0.4895,-1.0499999999999998
75,Peyton Watson,SF,DEN,23,49,39,1505,14.9,4.9,2,1,1.2,1.8,2.5,0.496,0.417,0.727,20.3,1.3,1.1,2.4,0.076,14.5,0.6,-1.1,-0.5,-0.6,-1.6555,0.4835,-1.6500000000000001
76,VJ Edgecombe,SG,PHI,20,49,49,1736,14.9,5.4,4.2,1.5,0.5,1.8,3.1,0.424,0.358,0.783,19,1.7,1,2.7,0.076,12.9,0.531,-0.9,-1,0.1,-1.5624,0.4865,-1.35
77,Jeremiah Fears,PG,NOP,19,55,44,1404,13.2,3.6,3,1.3,0.3,2.2,1.8,0.431,0.328,0.814,24.6,0.9,-1,-0.1,-0.005,12.6,0.517,-3.6,-2.4,-1.2,-5.0544,0.446,-5.4
78,Jerami Grant,PF,POR,31,38,19,1102,19,3.5,2.4,0.7,0.6,2.1,2.6,0.441,0.38,0.828,25,0.7,1.9,2.6,0.112,16.1,0.6,0.2,1.5,-1.3,0.22040000000000004,0.503,0.30000000000000004
79,Stephon Castle,PG,SAS,21,43,42,1306,16.7,5.1,7,1.3,0.3,3.4,3.3,0.468,0.289,0.722,25.3,1.9,1.1,3,0.109,16.6,0.565,1,0,0.9,1.306,0.515,1.5
80,Donte DiVincenzo,SG,MIN,29,55,55,1716,13,4.5,4.2,1.4,0.5,1.5,2.6,0.413,0.385,0.753,17.2,2.1,2.1,4.2,0.118,13.5,0.576,1.3,0.5,0.8,2.2308,0.5195,1.9500000000000002
81,Collin Gillespie,PG,PHO,26,53,34,1505,13.4,4.2,4.7,1.4,0.2,1.7,1.5,0.436,0.423,0.846,19.3,1.9,2.7,4.5,0.145,16.6,0.596,3.6,2.7,0.9,5.418,0.554,5.4
82,Toumani Camara,PF,POR,25,54,54,1812,13.2,5.3,2.6,1,0.4,1.9,3.2,0.438,0.364,0.714,16.1,1.3,1.2,2.5,0.066,10.8,0.575,-1.6,-1.1,-0.5,-2.8992000000000004,0.476,-2.4000000000000004
83,Ayo Dosunmu,SG,2TM,26,47,10,1242,15.1,2.9,3.6,0.8,0.3,1.3,1.8,0.516,0.451,0.858,21,0.6,2.6,3.1,0.122,17.1,0.637,0.7,1.6,-0.9,0.8694,0.5105,1.0499999999999998
84,Keldon Johnson,SF,SAS,26,53,0,1260,13.4,5.9,1.4,0.7,0.2,1,2,0.547,0.382,0.787,20.2,1.7,3,4.7,0.178,18.5,0.641,2,1.9,0.1,2.52,0.53,3
85,Alex Sarr,C,WAS,20,41,41,1156,17.2,7.8,2.8,0.8,2,1.7,2.1,0.496,0.336,0.691,25.5,0.9,1.1,2,0.083,20.3,0.554,1.4,1.5,-0.1,1.6183999999999998,0.521,2.0999999999999996
86,John Collins,PF,LAC,28,50,41,1390,13.9,5.1,0.9,0.8,0.8,1.3,2.7,0.566,0.436,0.783,18.9,1.2,2.3,3.4,0.119,16.3,0.663,-0.1,0.4,-0.5,-0.13899999999999998,0.4985,-0.15000000000000002
87,Austin Reaves,SG,LAL,27,27,22,910,25.7,5.1,6,1,0.2,3.4,2.2,0.508,0.363,0.871,29.3,0.6,2.8,3.4,0.178,23,0.665,4.1,5,-0.9,3.731,0.5615,6.1499999999999995
88,Jaylon Tyson,SG,CLE,23,49,34,1368,14,5.4,2.3,0.9,0.4,1.6,2.6,0.516,0.477,0.75,18.8,1.3,2.2,3.6,0.125,15.7,0.634,0.7,1.2,-0.5,0.9576,0.5105,1.0499999999999998
89,OG Anunoby,PF,NYK,28,41,41,1353,16.6,5.5,2.4,1.7,0.7,2.1,2.5,0.479,0.37,0.8,20.3,1.9,1.5,3.4,0.12,15.7,0.603,1.4,0.4,1,1.8941999999999999,0.521,2.0999999999999996
90,Derik Queen,C,NOP,21,54,42,1401,12.2,7.3,4.2,1.1,0.9,2.4,2.8,0.491,0.269,0.777,21.7,1.5,0.6,2,0.07,16.5,0.554,-0.2,-1,0.9,-0.2802,0.497,-0.30000000000000004
91,Reed Sheppard,SG,HOU,21,52,6,1285,12.6,2.6,3,1.4,0.6,1.3,2,0.425,0.383,0.776,21.7,1.8,1.5,3.3,0.125,15.1,0.547,2.1,0.6,1.5,2.6985,0.5315,3.1500000000000004
92,Bobby Portis,PF,MIL,30,49,9,1194,13.3,6.6,1.6,0.5,0.2,1,1.7,0.484,0.456,0.711,22.7,1.1,1,2,0.081,16.3,0.579,-0.5,1.1,-1.6,-0.597,0.4925,-0.75
93,Brandin Podziemski,SG,GSW,22,54,19,1442,11.9,4.6,3.6,1.1,0.2,1.5,1.8,0.449,0.372,0.758,19,1.8,1.3,3.1,0.102,13.8,0.569,-0.2,-0.7,0.5,-0.2884,0.497,-0.30000000000000004
94,Max Christie,SG,DAL,22,49,40,1454,13.1,3.4,2.2,0.6,0.4,1.1,1.4,0.464,0.425,0.874,16.4,1.2,1.7,2.9,0.095,12.5,0.624,0,0,0,0,0.5,0
95,Cedric Coward,SG,MEM,22,48,35,1263,13.3,6.2,2.9,0.6,0.4,1.8,2,0.468,0.34,0.843,20.8,1.2,1.1,2.3,0.087,14.7,0.58,-0.2,0.1,-0.3,-0.2526,0.497,-0.30000000000000004
96,Collin Sexton,SG,2TM,27,44,12,999,14.4,2,3.7,0.8,0.2,2.2,1.9,0.482,0.383,0.873,25.9,0.8,1.7,2.4,0.118,17.1,0.611,0.2,1.1,-0.9,0.1998,0.503,0.30000000000000004
97,Kyshawn George,SF,WAS,22,42,42,1272,15.1,5.5,4.9,1.1,0.9,2.8,3.8,0.444,0.379,0.782,22.4,0.6,0.2,0.8,0.03,13.8,0.561,-1.2,-0.8,-0.5,-1.5264,0.482,-1.7999999999999998
98,Josh Giddey,PG,CHI,23,34,31,1090,18.6,8.6,8.8,0.9,0.3,3.5,1.6,0.462,0.366,0.775,25.8,1,1.5,2.4,0.106,19.3,0.575,2.9,2.7,0.2,3.161,0.5435,4.35
99,Myles Turner,C,MIL,29,49,49,1397,12.9,5.7,1.6,0.7,1.7,1.2,2.7,0.441,0.386,0.756,18.9,1.4,1.2,2.6,0.089,14.6,0.586,-0.6,-0.5,-0.1,-0.8382,0.491,-0.8999999999999999
100,Nic Claxton,C,BRK,26,50,49,1464,12.5,7.3,4,0.7,1.3,1.4,2.3,0.59,0.214,0.607,17.4,1.3,3.1,4.4,0.145,18.7,0.608,1.9,0.9,1,2.7815999999999996,0.5285,2.8499999999999996
101,Ivica Zubac,C,LAC,28,43,42,1328,14.4,11,2.2,0.4,0.8,1.9,2.4,0.613,NA,0.705,19.1,1.4,2.6,4,0.145,19,0.635,0,0.9,-0.9,0,0.5,0
102,Brice Sensabaugh,SF,UTA,22,51,9,1102,12.1,2.9,1.6,0.7,0.1,1.2,1.8,0.448,0.338,0.855,22.2,0,0.8,0.8,0.035,13.3,0.581,-3.1,-0.4,-2.7,-3.4162000000000003,0.4535,-4.65
103,Kyle Kuzma,PF,MIL,30,48,24,1283,12.8,5,2.6,0.6,0.4,1.6,2.1,0.491,0.331,0.722,21.3,1,0.6,1.6,0.059,13.8,0.572,-2.5,-1.5,-1,-3.2074999999999996,0.4625,-3.75
104,De'Andre Hunter,SF,2TM,28,45,25,1176,13.7,4.1,2,0.7,0.1,1.7,2.5,0.415,0.305,0.867,22.6,1,0.1,1.1,0.047,11.4,0.545,-3.9,-2.5,-1.5,-4.586399999999999,0.4415,-5.85
105,Duncan Robinson,SF,DET,31,50,50,1412,12.2,2.7,1.9,0.6,0.3,0.7,2.1,0.44,0.401,0.739,15.7,1.6,2.2,3.8,0.128,11.8,0.612,0.2,0.4,-0.2,0.2824,0.503,0.30000000000000004
106,Jaylen Wells,SG,MEM,22,51,51,1370,12,3.5,1.7,0.8,0.1,1.1,2.1,0.409,0.335,0.763,19.1,0.9,0.3,1.2,0.042,10.2,0.534,-3.8,-2.6,-1.1,-5.206,0.443,-5.699999999999999
107,Noah Clowney,PF,BRK,21,47,41,1335,13,4.3,1.8,0.7,0.8,1.7,2.7,0.392,0.322,0.798,20.7,0.9,0,0.9,0.032,11.2,0.551,-3.4,-2.3,-1.1,-4.539,0.449,-5.1
108,Deandre Ayton,C,LAL,27,46,46,1299,13.2,8.5,0.9,0.6,1,1.4,2.3,0.675,NA,0.646,17.1,1.3,2.5,3.8,0.14,18.3,0.68,-1,0,-1,-1.299,0.485,-1.5
109,Quentin Grimes,SG,PHI,25,48,7,1434,12.7,3.8,3.6,0.9,0.4,1.9,2,0.439,0.341,0.859,17.9,1.2,1.4,2.6,0.086,12.8,0.592,-0.9,-0.6,-0.3,-1.2906,0.4865,-1.35
110,Jarrett Allen,C,CLE,27,42,42,1148,14.5,8.3,2,1,0.8,1.4,1.8,0.615,0.111,0.746,18.8,1.7,2.8,4.5,0.187,20.4,0.654,1.8,1.2,0.7,2.0664,0.527,2.7
111,Ajay Mitchell,SG,OKC,23,43,9,1129,14.1,3.5,3.7,1.4,0.3,1.6,2.2,0.487,0.35,0.87,22.3,2.1,1.6,3.7,0.158,17.2,0.59,2,0.4,1.6,2.258,0.53,3
112,Santi Aldama,PF,MEM,25,43,11,1198,14,6.7,2.9,0.9,0.7,1.3,1.6,0.479,0.35,0.667,20.1,1.4,1.4,2.8,0.111,16.4,0.572,1.8,1.2,0.6,2.1564,0.527,2.7
113,Julian Champagnie,SF,SAS,24,53,39,1488,11.3,5.9,1.4,0.8,0.4,1,1.6,0.425,0.372,0.846,15.5,2.1,1.6,3.8,0.122,12.8,0.604,0.9,0.3,0.6,1.3392,0.5135,1.35
114,Mark Williams,C,PHO,24,49,45,1186,12.2,8.2,1.1,1,1,1.1,2.3,0.664,1,0.77,17.1,2,3.8,5.8,0.234,22.8,0.698,2.9,2.2,0.7,3.4393999999999996,0.5435,4.35
115,Sandro Mamukelashvili,C,TOR,26,52,11,1180,11.5,5,2,0.8,0.6,0.9,2,0.53,0.389,0.76,18.4,1.6,2.6,4.2,0.171,18.2,0.642,2.8,2.1,0.6,3.304,0.542,4.199999999999999
116,Grayson Allen,SG,PHO,30,35,26,1059,17,3,4,1.4,0.3,1.7,2.3,0.418,0.369,0.842,22.9,1.1,1.7,2.9,0.129,16.1,0.578,2.1,2,0.1,2.2239,0.5315,3.1500000000000004
117,Moses Moody,SG,GSW,23,52,41,1296,11.4,3.3,1.5,1,0.6,0.9,1.9,0.435,0.401,0.774,17.8,1.5,1.3,2.8,0.102,13.2,0.596,0,0,0,0,0.5,0
118,Dyson Daniels,SG,ATL,22,52,52,1755,11.4,6.5,6.2,1.9,0.4,2,2.2,0.493,0.135,0.609,16.1,1.9,1.2,3.2,0.087,14,0.515,-0.4,-1.5,1.1,-0.702,0.494,-0.6000000000000001
119,Franz Wagner,SF,ORL,24,27,26,870,21.9,6,3.6,1,0.3,1.8,2.3,0.485,0.373,0.826,26.4,0.9,1.8,2.7,0.147,19.9,0.595,3,3.1,-0.1,2.61,0.545,4.5
120,Cam Spencer,SG,MEM,25,50,14,1208,11.8,2.7,5.6,0.7,0.1,1.5,1.5,0.484,0.453,0.931,17.8,0.8,3.3,4.1,0.163,17.4,0.665,2.6,3,-0.5,3.1408,0.539,3.9000000000000004
121,Wendell Carter Jr.,C,ORL,26,50,50,1475,11.7,7.3,2.1,0.8,0.7,1.2,3.6,0.498,0.337,0.787,15.5,1.7,2.2,3.9,0.127,14.1,0.608,-0.5,-0.9,0.4,-0.7375,0.4925,-0.75
122,Rudy Gobert,C,MIN,33,53,53,1661,10.9,11.2,1.7,0.8,1.6,1.3,2.7,0.702,0,0.493,12.6,2.7,3.4,6.1,0.177,17.5,0.672,0.8,-0.1,0.8,1.3288000000000002,0.512,1.2000000000000002
123,Donovan Clingan,C,POR,21,50,50,1374,11.5,11.4,2,0.5,1.4,1.1,2.4,0.524,0.318,0.667,15.6,1.8,3.4,5.2,0.181,19.8,0.601,2,2.3,-0.3,2.748,0.53,3
124,Kel'el Ware,C,MIA,21,51,28,1135,11.2,9.2,0.6,0.8,1,0.9,1.6,0.534,0.397,0.781,18.1,2.2,2,4.2,0.179,19.9,0.621,1.9,1.8,0.1,2.1565,0.5285,2.8499999999999996
125,Devin Vassell,SG,SAS,25,40,38,1235,14.3,3.9,2.3,0.9,0.4,0.9,1.7,0.425,0.357,0.844,18.8,1.5,1,2.5,0.097,12.5,0.552,-0.5,-0.5,0,-0.6175,0.4925,-0.75
126,Brandon Williams,PG,DAL,26,45,11,983,12.6,2.8,3.6,1,0.2,1.9,1.6,0.464,0.218,0.781,25.5,1.1,0.3,1.4,0.069,15.8,0.552,-0.6,-1,0.4,-0.5898,0.491,-0.8999999999999999
127,Harrison Barnes,PF,SAS,33,53,49,1479,10.6,2.9,2.1,0.7,0.2,0.9,1.2,0.443,0.381,0.839,14.9,1.5,1.7,3.2,0.103,11.3,0.595,-0.5,-0.5,0,-0.7395,0.4925,-0.75
128,RJ Barrett,SF,TOR,25,30,30,884,18.6,5.3,3.6,0.8,0.3,1.7,2.4,0.479,0.34,0.695,26,1,0.9,1.9,0.106,17,0.573,0.4,1.1,-0.7,0.3536,0.506,0.6000000000000001
129,Klay Thompson,SF,DAL,35,48,8,1060,11.6,2.4,1.4,0.5,0.3,0.9,1,0.386,0.376,0.73,22.5,0.9,-0.3,0.5,0.024,11.2,0.532,-1.4,-0.2,-1.2,-1.484,0.479,-2.0999999999999996
130,Royce O'Neale,SF,PHO,32,54,49,1590,10.3,4.9,2.9,1.2,0.3,1.5,2.3,0.425,0.407,0.679,14.6,2,1.2,3.1,0.095,11.5,0.595,0.6,-0.3,0.9,0.954,0.509,0.8999999999999999
131,Jock Landale,C,2TM,30,48,26,1127,11.5,6.4,1.7,0.5,0.5,1,2.2,0.526,0.4,0.674,18.4,1,2.3,3.3,0.139,17.5,0.61,0.5,1.5,-1,0.5635,0.5075,0.75
132,Ace Bailey,SF,UTA,19,47,36,1225,11.6,3.8,1.6,0.8,0.5,1.3,2.6,0.447,0.338,0.708,19.3,0.1,-0.1,0,-0.001,10.7,0.529,-4.5,-2.1,-2.5,-5.5125,0.4325,-6.75
133,Jarace Walker,PF,IND,22,53,18,1265,10.3,4.5,2,0.8,0.3,1.6,1.7,0.4,0.365,0.788,20.1,1.1,-1,0.2,0.006,10.4,0.529,-3,-2.5,-0.5,-3.795,0.455,-4.5
134,Coby White,SG,CHI,25,29,26,843,18.6,3.7,4.7,0.7,0.1,3,2.4,0.438,0.346,0.805,27.4,0.4,0.3,0.7,0.038,14.4,0.586,-3.4,-1,-2.4,-2.8661999999999996,0.449,-5.1
135,Malik Monk,SG,SAC,27,43,0,953,12.4,2,2.6,0.7,0.4,1.4,1.6,0.436,0.426,0.877,23.7,0.2,0.4,0.6,0.031,13.9,0.569,-1.2,0.6,-1.8,-1.1436,0.482,-1.7999999999999998
136,P.J. Washington,PF,DAL,27,38,35,1163,14,7.1,1.9,1,1.3,2.1,2.3,0.446,0.305,0.661,21.2,1.7,-0.9,0.8,0.034,12.7,0.524,-1.5,-2.3,0.8,-1.7445,0.4775,-2.25
137,Dennis Schröder,PG,2TM,32,43,14,1117,12.4,3,5.2,0.9,0.1,1.9,1.6,0.403,0.324,0.816,22.7,0.3,0.3,0.6,0.027,13.5,0.521,-2.2,-0.5,-1.7,-2.4574000000000003,0.46699999999999997,-3.3000000000000003
138,Bub Carrington,PG,WAS,20,52,23,1461,10.2,3.5,4.6,0.6,0.2,2.4,2.2,0.401,0.397,0.761,17.5,0.1,-0.4,-0.3,-0.011,9.2,0.544,-4.8,-2.6,-2.2,-7.0128,0.428,-7.199999999999999
139,Josh Hart,SF,NYK,30,42,28,1285,12.3,7.6,5.1,1.2,0.3,2,2.6,0.504,0.409,0.738,16.7,1.8,2.2,4,0.149,16.2,0.613,3.2,1.2,1.9,4.112,0.548,4.800000000000001
140,Kyle Filipowski,C,UTA,22,53,18,1179,9.7,6.7,2,0.8,0.4,1.4,2.9,0.483,0.338,0.714,18.2,0.6,1,1.6,0.065,14.2,0.574,-2.4,-1.4,-1.1,-2.8296,0.464,-3.5999999999999996
141,Rui Hachimura,PF,LAL,27,43,30,1279,11.9,3.5,0.9,0.5,0.3,0.8,1.5,0.505,0.44,0.735,15.3,0.5,1.2,1.8,0.066,11.3,0.614,-2.7,-0.8,-1.9,-3.4533,0.4595,-4.050000000000001
142,Bennedict Mathurin,SF,2TM,23,29,24,917,17.4,5.4,2.3,0.7,0.1,2.2,2.8,0.429,0.367,0.884,23.1,0.6,0.3,0.9,0.049,13,0.581,-2.7,-1.1,-1.5,-2.4759,0.4595,-4.050000000000001
143,Tre Johnson,SG,WAS,19,39,21,980,12.9,2.7,2.2,0.6,0.3,1.4,1.8,0.444,0.393,0.891,21.1,0,0.5,0.5,0.026,12.5,0.576,-2.6,-0.4,-2.2,-2.548,0.461,-3.9000000000000004
144,Jake LaRavia,PF,LAL,24,53,32,1424,9.4,4.1,1.9,1.4,0.5,1.2,2.3,0.462,0.328,0.759,15.1,1.3,1.3,2.5,0.085,12.5,0.578,-1,-1.2,0.2,-1.424,0.485,-1.5
145,A.J. Green,SG,MIL,26,47,47,1412,10.6,2.7,2,0.5,0.1,0.9,2.4,0.442,0.432,0.794,13.4,0.5,1.4,1.9,0.065,9.7,0.646,-2.8,-1.4,-1.5,-3.9535999999999993,0.458,-4.199999999999999
146,Ausar Thompson,SF,DET,23,48,47,1237,10.4,6,2.7,1.9,0.8,1.4,2.9,0.51,0.3,0.58,17.8,2.7,0.9,3.6,0.139,16,0.537,2.1,-1,3,2.5977,0.5315,3.1500000000000004
147,Caleb Love,SG,POR,24,44,1,985,11.3,2.6,2.7,0.6,0.1,1.4,1.1,0.391,0.319,0.735,22.8,0.6,0,0.5,0.026,11,0.501,-2.8,-1.1,-1.7,-2.758,0.458,-4.199999999999999
148,Neemias Queta,C,BOS,26,50,49,1265,9.8,8.3,1.5,0.9,1.3,1.1,2.9,0.635,0,0.67,14.7,2.2,3,5.2,0.199,19.4,0.652,1.6,0,1.6,2.024,0.524,2.4000000000000004
149,Kevin Huerter,SF,2TM,27,47,11,1064,10.4,3.7,2.5,0.8,0.6,1.1,1.9,0.454,0.306,0.732,19.3,0.9,0.5,1.3,0.06,13.3,0.555,-1.1,-1.2,0.1,-1.1704,0.4835,-1.6500000000000001
150,Tobias Harris,PF,DET,33,36,36,1002,13.5,4.7,2.4,0.9,0.2,1.1,1.8,0.456,0.357,0.884,19.2,1.4,1.4,2.8,0.133,14.2,0.57,0.5,0.2,0.3,0.501,0.5075,0.75
151,Egor Dёmin,PG,BRK,19,45,38,1118,10.7,3.1,3.3,0.8,0.3,1.8,1.8,0.407,0.395,0.852,19.6,0.7,0.2,0.9,0.039,11.8,0.573,-1.3,-0.5,-0.8,-1.4534000000000002,0.4805,-1.9500000000000002
152,Isaiah Stewart,C,DET,24,48,13,1116,10,5.1,1.1,0.3,1.7,1.2,3,0.54,0.321,0.76,16.3,1.8,1.5,3.4,0.144,14.8,0.622,-0.3,-1.5,1.2,-0.33480000000000004,0.4955,-0.44999999999999996
153,Isaiah Collier,PG,UTA,21,46,10,1163,10.3,2.7,7.2,1,0.3,2.4,2.3,0.51,0.278,0.686,18.5,0.1,1.2,1.3,0.053,14.2,0.575,-2.8,-0.8,-2,-3.2563999999999997,0.458,-4.199999999999999
154,Tre Jones,PG,CHI,26,38,20,1020,12.4,3,5.8,1.3,0.2,1.4,1.4,0.55,0.328,0.848,17.1,0.7,2.9,3.6,0.17,18.5,0.648,1.3,0.9,0.4,1.326,0.5195,1.9500000000000002
155,Darius Garland,PG,CLE,26,26,26,792,18,2.4,6.9,0.8,0.1,2.8,1.8,0.451,0.36,0.861,25.4,0.5,0.9,1.4,0.085,15.5,0.567,-1.5,0.9,-2.4,-1.1880000000000002,0.4775,-2.25
156,Jay Huff,C,IND,27,54,30,1071,8.6,3.8,1.3,0.5,1.9,0.8,2.4,0.467,0.319,0.842,17.2,1.4,0.9,2.3,0.104,15.4,0.595,1.1,-0.8,1.9,1.1781000000000001,0.5165,1.6500000000000001
157,Maxime Raynaud,C,SAC,22,47,29,1100,9.9,6.7,1,0.5,0.5,1,2.4,0.555,0.275,0.75,16.9,0.6,1.1,1.7,0.076,14.5,0.596,-3.2,-1.8,-1.3,-3.5200000000000005,0.452,-4.800000000000001
158,Pelle Larsson,SG,MIA,24,45,32,1077,10.2,3.3,3.3,0.6,0.2,1.1,1.8,0.495,0.333,0.767,16.3,1.1,1.6,2.7,0.121,13.5,0.6,-0.3,-0.8,0.5,-0.3231,0.4955,-0.44999999999999996
159,Jordan Clarkson,SG,NYK,33,50,1,951,9.1,1.8,1.3,0.4,0.1,1,1.8,0.432,0.333,0.794,21.3,0.6,0.3,0.9,0.046,10.4,0.536,-4.2,-2.3,-1.8,-3.9942,0.437,-6.300000000000001
160,Isaiah Joe,SG,OKC,26,45,2,946,10.2,2.5,1.4,0.6,0.2,0.6,1.8,0.436,0.403,0.885,17.8,1.4,1.7,3.1,0.159,14.2,0.634,1.2,1.1,0.2,1.1352,0.518,1.7999999999999998
161,Kevin Porter Jr.,PG,MIL,25,26,24,873,17.5,5.1,7.5,2.2,0.4,3.2,2.3,0.453,0.325,0.865,24.6,1,0.7,1.8,0.096,17.9,0.566,1.4,0.5,0.9,1.2222,0.521,2.0999999999999996
162,Dylan Harper,SG,SAS,19,42,0,904,10.8,3.3,3.6,0.9,0.4,1.4,1.9,0.463,0.25,0.747,22.8,1.3,0.4,1.7,0.092,14.8,0.526,0.1,-1.1,1.2,0.09040000000000001,0.5015,0.15000000000000002
163,Sam Hauser,PF,BOS,28,50,22,1205,9,3.8,1.4,0.6,0.3,0.5,1.5,0.408,0.388,0.917,14.9,1.3,1.6,2.9,0.115,12,0.582,0.4,0.5,-0.1,0.48200000000000004,0.506,0.6000000000000001
164,Miles McBride,SG,NYK,25,35,14,981,12.9,2.6,2.8,0.9,0.2,0.8,1.8,0.434,0.42,0.814,17.7,0.8,1.7,2.5,0.125,13.6,0.592,1.2,1.3,-0.1,1.1772,0.518,1.7999999999999998
165,Jalen Suggs,PG,ORL,24,32,32,845,14,4.1,5.4,1.9,0.7,2.6,2.8,0.447,0.323,0.843,23.7,1.3,0.5,1.8,0.105,17.4,0.571,3.4,1.1,2.3,2.8729999999999998,0.551,5.1
166,Simone Fontecchio,SF,MIA,30,52,4,905,8.6,3.3,1.6,0.5,0.2,0.8,1.5,0.392,0.358,0.829,19.8,1.1,0.7,1.8,0.095,13,0.554,0,0,0,0,0.5,0
167,Vit Krejci,PG,2TM,25,50,8,1113,8.9,2,1.5,0.8,0.3,0.6,2.3,0.457,0.41,0.769,14.4,0.8,1.3,2.1,0.089,11.3,0.628,-1.7,-1.4,-0.3,-1.8921,0.4745,-2.55
168,Jordan Goodwin,PG,PHO,27,51,3,1127,8.7,4.7,2.3,1.5,0.2,1,1.9,0.403,0.35,0.707,18.2,1.7,0.8,2.5,0.108,14.4,0.509,1.7,0.2,1.5,1.9159,0.5255,2.55
169,Kelly Oubre Jr.,SF,PHI,30,31,26,1015,14.3,4.6,1.5,1.3,0.6,1.3,2.5,0.478,0.379,0.756,17.2,1,0.9,1.9,0.092,13,0.594,-1,-0.8,-0.1,-1.015,0.485,-1.5
170,Jusuf Nurkić,C,UTA,31,40,35,1057,11,10.4,4.8,1.3,0.6,2.5,3.3,0.5,0.357,0.549,19.6,1,0.5,1.5,0.068,16.6,0.546,1,-0.4,1.4,1.057,0.515,1.5
171,Zaccharie Risacher,SF,ATL,20,41,41,995,10.7,3.5,1.3,0.9,0.5,1,2.1,0.451,0.352,0.625,18.5,0.9,-0.1,0.8,0.039,11.1,0.545,-3.6,-2.7,-0.9,-3.582,0.446,-5.4
172,Jalen Smith,C,CHI,25,43,12,868,10.2,6.9,1.3,0.4,0.8,0.9,2,0.488,0.379,0.718,19.4,0.9,1.3,2.2,0.123,17.5,0.608,-0.3,0.8,-1.1,-0.26039999999999996,0.4955,-0.44999999999999996
173,Aaron Nesmith,SF,IND,26,32,29,977,13.6,4.8,2.1,0.7,0.6,1.4,2.7,0.389,0.371,0.814,19.7,0.6,0,0.6,0.03,10.8,0.532,-3.2,-1.9,-1.3,-3.1264000000000003,0.452,-4.800000000000001
174,Paul George,PF,PHI,35,27,27,824,16,5.1,3.7,1.5,0.5,1.6,2.2,0.424,0.382,0.855,22.2,1,0.7,1.8,0.102,15.6,0.556,0.9,0.5,0.4,0.7415999999999999,0.5135,1.35
175,Jalen Williams,SG,OKC,24,25,25,736,17.1,4.7,5.4,1.3,0.4,2,2.1,0.465,0.29,0.835,26.1,1.4,0.6,2,0.131,17.7,0.54,1.3,0.3,1,0.9568,0.5195,1.9500000000000002
176,Marcus Smart,SG,LAL,31,43,36,1224,9.9,3,2.8,1.3,0.3,1.7,2.6,0.407,0.338,0.828,16,0.9,0.3,1.2,0.046,10,0.557,-2.8,-2.6,-0.2,-3.4271999999999996,0.458,-4.199999999999999
177,Kentavious Caldwell-Pope,SG,MEM,32,50,14,1061,8.5,2.4,2.7,0.8,0.2,1.2,1.1,0.413,0.32,0.913,17.7,0.9,0.3,1.2,0.053,11.1,0.538,-2.4,-2.3,-0.1,-2.5463999999999998,0.464,-3.5999999999999996
178,Cason Wallace,SG,OKC,22,51,41,1364,8.3,3.1,2.2,2.1,0.3,0.9,2,0.432,0.357,0.75,13.8,2.8,0.6,3.4,0.12,11.8,0.543,1.1,-2.2,3.3,1.5004000000000002,0.5165,1.6500000000000001
179,Aaron Wiggins,SG,OKC,27,39,15,929,10.7,3.5,1.8,0.9,0.6,1.3,1.5,0.445,0.392,0.735,19.3,1.7,0.2,1.9,0.097,12.9,0.569,0.5,-0.3,0.8,0.4645,0.5075,0.75
180,Kris Dunn,PG,LAC,31,53,47,1447,7.8,2.9,3.4,1.5,0.2,1.4,2.4,0.474,0.36,0.797,13.2,1.2,1.1,2.3,0.077,11.2,0.584,-1.5,-2.4,1,-2.1705,0.4775,-2.25
181,Day'Ron Sharpe,C,BRK,24,50,3,913,8.3,6.6,2.2,1.1,0.4,1.6,2.3,0.606,0.219,0.677,19.2,1.2,1.8,3,0.158,20.7,0.646,1.7,0.5,1.2,1.5521,0.5255,2.55
182,Moussa Diabaté,C,CHO,24,50,24,1258,8.2,8.6,1.6,0.7,1,0.9,2.4,0.632,0.5,0.662,12,1.6,3.2,4.8,0.182,17.5,0.657,0.8,0.3,0.5,1.0064,0.512,1.2000000000000002
183,Quinten Post,PF,GSW,25,54,32,923,7.6,3.8,1.4,0.4,0.5,0.7,1.9,0.435,0.345,0.833,18.6,1.2,0.6,1.8,0.092,13,0.561,-0.6,-0.8,0.1,-0.5538,0.491,-0.8999999999999999
184,Marvin Bagley III,PF,2TM,26,40,8,780,10.3,5.9,1.5,0.5,0.8,1.1,2,0.621,0.45,0.676,19.1,0.4,2,2.4,0.151,20.9,0.658,1,2,-1,0.78,0.515,1.5
185,Isaac Okoro,SG,CHI,25,46,46,1196,8.9,2.7,1.5,0.7,0.5,0.7,2.5,0.466,0.324,0.789,13.6,0.5,1.1,1.6,0.063,9.9,0.574,-4.1,-3,-1.1,-4.903599999999999,0.4385,-6.1499999999999995
186,Anthony Davis,PF,DAL,32,20,20,626,20.4,11.1,2.8,1.1,1.7,2.1,2.1,0.506,0.27,0.728,27.5,1.1,0.4,1.5,0.116,21.7,0.551,2.6,1.5,1,1.6276000000000002,0.539,3.9000000000000004
187,Davion Mitchell,PG,MIA,27,45,45,1301,9,2.5,7.1,1.1,0.1,1.7,2.7,0.473,0.405,0.667,13.5,1.3,1.5,2.9,0.106,11.9,0.565,-1.1,-1.8,0.7,-1.4311,0.4835,-1.6500000000000001
188,Tristan Da Silva,SF,ORL,24,47,14,1049,8.6,3.2,1.2,0.9,0.3,0.8,1.3,0.427,0.368,0.842,16.6,1.1,0.1,1.2,0.055,10.7,0.542,-1.7,-1.6,-0.1,-1.7832999999999999,0.4745,-2.55
189,Aaron Gordon,PF,DEN,30,23,20,642,17.7,6.2,2.5,0.7,0.2,1,1.7,0.509,0.4,0.789,23.6,0.5,1.8,2.3,0.168,20.5,0.632,2.7,3.9,-1.1,1.7334,0.5405,4.050000000000001
190,Jordan Poole,PG,NOP,26,28,6,710,14.5,1.8,3.1,0.7,0.3,1.9,2.4,0.37,0.336,0.876,25.5,0.1,0,0.1,0.009,11.6,0.533,-3.4,-0.9,-2.6,-2.4139999999999997,0.449,-5.1
191,Bruce Brown,SG,DEN,29,54,2,1342,7.5,4,2.1,1.1,0.3,1,2.5,0.459,0.341,0.771,14.1,1.1,0.7,1.8,0.063,10.5,0.538,-2.9,-2.8,-0.2,-3.8918,0.4565,-4.35
192,Ron Holland,SF,DET,20,49,5,1016,8.1,4.3,1.4,1.4,0.4,1.3,2.2,0.413,0.229,0.788,18.7,2,-0.4,1.6,0.078,11.5,0.504,-1.7,-3.5,1.8,-1.7272,0.4745,-2.55
193,Luke Kennard,SG,2TM,29,49,1,1022,8.1,2.1,2.1,0.7,0.1,0.7,1.2,0.542,0.494,0.921,12.8,0.7,2,2.6,0.123,13.5,0.714,0,0.1,-0.1,0,0.5,0
194,Svi Mykhailiuk,SF,UTA,28,44,41,1054,8.9,2.5,1.9,0.5,0.1,0.8,1.3,0.474,0.387,0.92,13.9,-0.2,1.1,0.8,0.038,10.5,0.614,-2.4,-0.5,-1.9,-2.5296,0.464,-3.5999999999999996
195,Gary Trent Jr.,SG,MIL,27,46,17,1104,8.5,1.1,1.5,0.6,0.1,0.6,1.4,0.388,0.365,0.78,15.5,0.3,0.2,0.4,0.019,8.1,0.54,-4.7,-2.9,-1.8,-5.1888000000000005,0.4295,-7.050000000000001
196,Sam Merrill,SG,CLE,29,30,21,761,13,2.2,2.3,0.6,0.1,0.9,2.7,0.465,0.452,0.875,17.4,0.5,1.7,2.2,0.137,14.1,0.669,0.4,1.6,-1.2,0.3044,0.506,0.6000000000000001
197,Ja Morant,PG,MEM,26,20,20,569,19.5,3.3,8.1,1,0.3,3.6,2,0.41,0.235,0.897,32.3,0.5,0.1,0.5,0.045,16.7,0.521,-1.5,0.4,-1.9,-0.8534999999999999,0.4775,-2.25
198,T.J. McConnell,PG,IND,33,40,0,680,9.6,2.2,4.8,1.1,0.2,1.2,1.2,0.539,0.316,0.938,24,0.7,1.1,1.9,0.132,21,0.568,3.2,2,1.2,2.176,0.548,4.800000000000001
199,Jonas Valančiūnas,C,DEN,33,42,4,613,9.1,5.2,1.3,0.2,0.7,1.2,2.3,0.577,0.278,0.761,25.6,0.7,1.2,1.9,0.145,21,0.623,-0.8,0,-0.7,-0.4904,0.488,-1.2000000000000002
200,Draymond Green,PF,GSW,35,45,45,1199,8.4,5.6,5.1,0.9,0.6,2.8,3,0.416,0.33,0.704,16.9,1.6,-0.6,1,0.041,9.9,0.539,-1.6,-2.9,1.3,-1.9184,0.476,-2.4000000000000004
201,Cam Thomas,SG,2TM,24,25,8,595,15.2,1.8,3,0.2,0.1,2,1.2,0.396,0.322,0.845,30,0,-0.2,-0.2,-0.015,12.2,0.524,-5.2,-1,-4.2,-3.094,0.422,-7.800000000000001
202,Justin Champagnie,SF,WAS,24,49,14,941,7.7,5.7,1.1,0.8,0.6,0.6,1.5,0.498,0.317,0.757,15.6,0.7,1.6,2.2,0.112,16.7,0.586,-0.8,0.1,-0.9,-0.7528,0.488,-1.2000000000000002
203,Jamal Shead,PG,TOR,23,54,7,1201,6.9,1.9,5.4,1,0.2,1.4,2,0.368,0.326,0.759,16.1,1.3,0.6,1.9,0.075,11.2,0.494,-1.9,-2,0.1,-2.2819,0.47150000000000003,-2.8499999999999996
204,Luguentz Dort,SF,OKC,26,43,43,1194,8.7,3.9,1.2,0.9,0.5,0.8,3,0.395,0.354,0.778,13.7,2,0.2,2.2,0.088,8.6,0.539,-1.6,-2.4,0.7,-1.9104,0.476,-2.4000000000000004
205,Jrue Holiday,PG,POR,35,25,23,700,14.8,4.5,6.5,1.3,0.1,2.6,1.6,0.447,0.362,0.796,22.8,0.6,1.1,1.7,0.115,17.2,0.56,2.2,2.6,-0.4,1.54,0.533,3.3000000000000003
206,Javonte Green,SG,DET,32,52,4,962,7.1,2.7,0.7,1.3,0.3,0.7,1.4,0.452,0.364,0.795,14.7,1.8,1,2.8,0.142,13.4,0.596,1.3,-1.2,2.4,1.2506,0.5195,1.9500000000000002
207,Tari Eason,PF,HOU,24,30,16,754,12.2,6.3,1.4,1.3,0.6,1.6,2.3,0.457,0.472,0.625,20.3,1.2,0.7,2,0.126,16,0.574,1.2,0.7,0.6,0.9047999999999999,0.518,1.7999999999999998
208,Khris Middleton,SF,2TM,34,35,34,849,10.4,4,3.2,0.7,0.3,1.7,2.5,0.433,0.337,0.846,19.5,0.2,0.2,0.4,0.023,11.7,0.536,-3.8,-2.5,-1.3,-3.2262,0.443,-5.699999999999999
209,Dominick Barlow,PF,PHI,22,42,35,1001,8.4,5,1.2,1,0.6,0.8,2,0.556,0.279,0.77,13.5,1,1.8,2.9,0.137,14.9,0.622,0,-0.3,0.2,0,0.5,0
210,Buddy Hield,SG,2TM,33,45,3,773,7.9,2.4,1.5,0.8,0.2,1,1.2,0.432,0.342,0.794,19.6,0.9,0.1,1.1,0.066,12.4,0.56,-1.1,-1.2,0.1,-0.8503000000000001,0.4835,-1.6500000000000001
211,Cameron Johnson,SF,DEN,29,30,30,914,11.7,3.6,2.3,0.7,0.3,0.9,2.3,0.475,0.439,0.81,15,0.4,1.2,1.6,0.085,11.7,0.617,-2.1,-0.5,-1.6,-1.9194000000000002,0.4685,-3.1500000000000004
212,Ziaire Williams,SF,BRK,24,37,4,844,9.5,2.5,0.8,1.2,0.5,1,2.1,0.411,0.309,0.859,17.9,0.7,0.1,0.9,0.049,11.2,0.567,-2.5,-2.6,0,-2.11,0.4625,-3.75
213,Gradey Dick,SG,TOR,22,54,1,869,6.5,2.2,0.7,0.7,0.1,0.5,1.4,0.425,0.309,0.87,17,1,0.4,1.4,0.077,10.7,0.551,-3.1,-2.9,-0.2,-2.6939,0.4535,-4.65
214,Luka Garza,C,BOS,27,44,4,743,7.9,4.3,1,0.4,0.5,0.6,2.4,0.585,0.438,0.797,16.1,0.8,2.9,3.7,0.237,20.4,0.693,2.8,2.6,0.2,2.0804,0.542,4.199999999999999
215,Ryan Kalkbrenner,C,CHO,24,42,26,962,8.3,6,0.6,0.6,1.5,1,1.6,0.755,0,0.679,12,1.3,2.1,3.4,0.168,17.7,0.758,1.2,0.1,1,1.1543999999999999,0.518,1.7999999999999998
216,Daniss Jenkins,PG,DET,24,43,7,725,8.1,1.9,3.2,0.9,0.2,1.3,1.4,0.428,0.384,0.8,21.5,1.1,0.6,1.7,0.114,14.6,0.541,0.3,-0.4,0.7,0.2175,0.5045,0.44999999999999996
217,Terance Mann,SG,BRK,29,45,41,1137,7.6,3.3,3.5,0.8,0.2,1.2,2.5,0.455,0.348,0.813,13.7,0.5,1.2,1.7,0.072,11,0.562,-2.8,-2.4,-0.4,-3.1835999999999998,0.458,-4.199999999999999
218,Patrick Williams,PF,CHI,24,50,2,944,6.8,2.9,1.2,0.6,0.3,0.9,1.3,0.382,0.386,0.688,17.1,0.6,-0.6,0,0,8.7,0.504,-4.5,-3.1,-1.4,-4.247999999999999,0.4325,-6.75
219,Bones Hyland,PG,MIN,25,46,3,687,7.4,1.7,2.6,0.6,0.2,0.9,1.7,0.469,0.385,0.711,19.7,0.7,1.2,2,0.138,15.3,0.603,1.3,0.9,0.5,0.8931000000000001,0.5195,1.9500000000000002
220,Jose Alvarado,PG,2TM,27,43,0,939,7.9,2.7,3.1,0.9,0.1,1.1,2,0.414,0.356,0.815,15.9,0.5,0.5,1,0.051,11.1,0.55,-2.1,-1.7,-0.5,-1.9719,0.4685,-3.1500000000000004
221,Collin Murray-Boyles,PF,TOR,20,43,19,953,7.9,5,2.1,0.9,0.9,1.2,2.6,0.553,0.348,0.639,14.9,1.4,1.2,2.6,0.131,15.1,0.597,0.6,-0.8,1.4,0.5718,0.509,0.8999999999999999
222,Precious Achiuwa,C,SAC,26,47,31,956,7.2,5.4,1.1,0.8,0.5,0.7,1.6,0.498,0.296,0.527,15.5,0.7,0.7,1.4,0.069,14.1,0.534,-1.6,-1.3,-0.3,-1.5296,0.476,-2.4000000000000004
223,Nique Clifford,SG,SAC,23,51,9,1069,6.6,3,1.6,0.6,0.3,1.2,1.9,0.408,0.328,0.704,15.7,0.3,-0.7,-0.4,-0.018,7.9,0.502,-5.2,-4,-1.2,-5.5588,0.422,-7.800000000000001
224,Corey Kispert,SF,2TM,26,34,8,691,9.8,2.4,1.7,0.4,0.1,0.9,1.1,0.469,0.367,0.817,18.2,0.2,0.8,1,0.071,13.1,0.613,-1.9,0.1,-2,-1.3128999999999997,0.47150000000000003,-2.8499999999999996
225,Dru Smith,SG,MIA,28,54,1,928,6.1,2.6,2.7,1.5,0.3,0.9,1.6,0.41,0.307,0.843,15.6,1.7,0.9,2.5,0.132,14.6,0.535,2.3,-1.4,3.7,2.1344,0.5345,3.4499999999999997
226,Nikola Jović,PF,MIA,22,43,1,771,7.7,3.5,2.3,0.6,0.4,1.5,1.4,0.365,0.269,0.691,21.4,1.1,-0.9,0.1,0.008,9.7,0.48,-3.3,-3.5,0.2,-2.5443,0.4505,-4.949999999999999
227,Walter Clayton,PG,2TM,22,47,0,861,6.9,2,3.3,0.6,0.3,1.3,1.7,0.4,0.298,0.938,17.5,0.1,0.2,0.3,0.018,10.5,0.536,-3.6,-2.1,-1.5,-3.0996,0.446,-5.4
228,Will Richard,SG,GSW,23,49,15,937,6.6,2.5,1.4,1.2,0.1,0.8,1.8,0.47,0.351,0.822,13.9,1.1,0.9,2,0.103,11.7,0.605,-0.9,-2.1,1.2,-0.8433,0.4865,-1.35
229,Luke Kornet,C,SAS,30,43,22,991,7.4,6.7,2,0.5,1.2,0.4,1.9,0.651,NA,0.793,10.6,1.5,3.3,4.8,0.233,18.6,0.69,3.8,1.8,2,3.7657999999999996,0.5569999999999999,5.699999999999999
230,Sidy Cissoko,SF,POR,21,49,23,1084,6.4,2.6,1.5,0.7,0.3,1.1,2.7,0.403,0.325,0.699,13,0.7,0.3,1,0.043,7.6,0.535,-3.9,-3.7,-0.1,-4.2276,0.4415,-5.85
231,Kobe Sanders,SG,LAC,23,45,11,962,7,2.6,1.7,0.6,0.1,1.4,2.2,0.439,0.37,0.804,15.9,0.5,-0.3,0.3,0.013,8,0.556,-4.7,-3.7,-0.9,-4.5214,0.4295,-7.050000000000001
232,Danny Wolf,PF,BRK,21,38,8,764,8.2,4.6,2,0.6,0.5,1,1.9,0.409,0.328,0.769,19.5,0.7,0.1,0.7,0.047,12.5,0.515,-2.3,-2.1,-0.3,-1.7571999999999999,0.4655,-3.4499999999999997
233,Isaiah Hartenstein,C,OKC,27,29,28,754,10.7,9.9,3.5,1.1,0.7,2.1,2.8,0.63,0,0.64,17.4,1.8,1.5,3.3,0.211,19.6,0.643,3.3,0.8,2.4,2.4882,0.5495,4.949999999999999
234,De'Anthony Melton,PG,GSW,27,27,3,584,11.5,2.8,2.2,1.6,0.4,1.7,2.2,0.413,0.27,0.818,24.9,0.9,-0.4,0.5,0.04,13,0.52,-3.2,-3.9,0.7,-1.8688,0.452,-4.800000000000001
235,Bilal Coulibaly,SG,WAS,21,32,32,860,9.7,4.6,2.5,1.4,0.9,1.6,2.7,0.388,0.262,0.767,17.2,0.6,-0.2,0.3,0.018,11,0.506,-3.6,-3.7,0.1,-3.096,0.446,-5.4
236,Will Riley,SF,WAS,19,44,2,718,7,2.2,1.4,0.6,0.1,0.9,0.9,0.427,0.34,0.766,19.1,0.1,0.1,0.2,0.015,11.7,0.532,-4,-2,-2,-2.872,0.44,-6
237,Sion James,SG,CHO,23,54,18,1298,5.7,3.4,1.9,0.6,0.3,0.9,1.8,0.378,0.363,0.855,10.8,1,0.6,1.7,0.062,7.7,0.542,-2.8,-3.3,0.5,-3.6344,0.458,-4.199999999999999
238,Jaden Ivey,SG,2TM,23,36,5,642,8.5,2.4,1.8,0.6,0.4,1.1,1.4,0.445,0.38,0.804,19.9,0.8,0.5,1.3,0.097,13.1,0.573,0,-0.3,0.2,0,0.5,0
239,Brook Lopez,C,LAC,37,46,11,837,6.6,2.7,0.9,0.5,1,0.8,1.7,0.378,0.346,0.853,17.5,0.8,-0.4,0.5,0.028,10.1,0.521,-2.3,-2.6,0.3,-1.9250999999999998,0.4655,-3.4499999999999997
240,Daniel Gafford,C,DAL,27,37,27,786,8.2,6.5,0.9,0.8,1.4,1.3,2.6,0.634,NA,0.755,14.5,1.3,1.2,2.5,0.154,16.8,0.675,0,-2,2,0,0.5,0
241,Domantas Sabonis,C,SAC,29,19,15,564,15.8,11.4,4.1,0.9,0.2,2.7,3.5,0.543,0.185,0.727,23.1,0.5,0.7,1.2,0.099,19.3,0.59,0.5,0.7,-0.2,0.282,0.5075,0.75
242,Oso Ighodaro,PF,PHO,23,54,7,1085,5.5,4.6,1.8,0.9,0.6,1.3,2.6,0.624,0,0.493,12,1.6,0.7,2.3,0.103,12.3,0.616,-0.9,-3.1,2.2,-0.9765,0.4865,-1.35
243,Jordan Miller,SF,LAC,26,32,0,635,9.3,3.2,1.7,0.7,0.2,1.2,1,0.515,0.362,0.787,19.1,0.5,1,1.5,0.112,15.9,0.631,0.3,0.8,-0.5,0.1905,0.5045,0.44999999999999996
244,Jaxson Hayes,C,LAL,25,44,6,762,6.7,3.8,0.9,0.4,0.6,0.5,2,0.771,1,0.641,12.2,0.6,2.2,2.8,0.175,16.9,0.768,0,0.1,0,0,0.5,0
245,Kristaps Porziņģis,C,ATL,30,17,12,413,17.1,5.1,2.7,0.5,1.3,0.9,3.2,0.457,0.36,0.84,26.5,0.4,0.9,1.4,0.161,20.5,0.592,3.2,2.6,0.6,1.3216,0.548,4.800000000000001
246,Ryan Dunn,SF,PHO,23,47,11,911,6.1,4.1,1.6,0.9,0.4,0.9,2.1,0.444,0.333,0.667,14.6,1.2,0.4,1.7,0.089,11.6,0.531,-0.9,-2,1,-0.8199000000000001,0.4865,-1.35
247,Herbert Jones,SF,NOP,27,32,32,916,8.9,3.6,2.7,1.6,0.5,1.3,3.2,0.39,0.305,0.775,15,0.6,-0.2,0.5,0.024,9.4,0.494,-3.2,-3.6,0.5,-2.9312000000000005,0.452,-4.800000000000001
248,Nae'Qwan Tomlin,PF,CLE,25,43,2,734,6.5,3.1,1,0.7,0.7,0.4,2.1,0.487,0.224,0.745,15.2,0.9,1,1.9,0.124,13.7,0.557,-0.9,-1.7,0.8,-0.6606,0.4865,-1.35
249,Landry Shamet,SG,NYK,28,29,8,634,9.6,1.9,1.4,0.5,0.2,0.4,1.4,0.439,0.424,0.723,15.9,0.5,1.2,1.7,0.128,12.8,0.616,0.9,1,-0.2,0.5706,0.5135,1.35
250,Keegan Murray,PF,SAC,25,19,18,683,14.6,6.1,1.5,1.2,1.6,1.2,1.9,0.429,0.272,0.789,18.6,0.4,-0.2,0.2,0.016,12,0.502,-2.8,-2,-0.8,-1.9124,0.458,-4.199999999999999
251,Ja'Kobe Walter,SG,TOR,21,44,10,808,6.3,2.2,1,0.9,0.2,0.5,2,0.43,0.35,0.8,14,1,0.6,1.5,0.091,10.2,0.57,-1.8,-2.8,1,-1.4544000000000001,0.473,-2.7
252,Vince Williams Jr.,PG,2TM,25,36,12,760,7.7,3.8,4.4,0.8,0.4,1.8,2.1,0.352,0.307,0.804,19.3,0.8,-0.3,0.4,0.028,10.8,0.477,-0.8,-1.6,0.8,-0.6080000000000001,0.488,-1.2000000000000002
253,GG Jackson II,PF,MEM,21,32,7,588,8.6,3.6,1.2,0.7,0.6,1,1.7,0.481,0.313,0.725,19,0.7,0.1,0.9,0.071,13.2,0.577,-1.7,-1.9,0.2,-0.9995999999999999,0.4745,-2.55
254,Ben Sheppard,SG,IND,24,43,13,920,6.4,3.2,1.8,0.5,0.1,0.6,1.8,0.398,0.338,0.771,13.2,0.5,0.3,0.8,0.042,8.6,0.526,-3.3,-3,-0.4,-3.036,0.4505,-4.949999999999999
255,Andre Drummond,C,PHI,32,39,19,780,7,8.7,0.9,0.5,0.9,1,2,0.502,0.373,0.629,15.2,1.2,1.2,2.4,0.146,17.3,0.565,-0.7,0,-0.7,-0.5459999999999999,0.4895,-1.0499999999999998
256,Spencer Jones,SF,DEN,24,46,34,1086,6,3.1,0.8,0.9,0.4,0.6,2.8,0.505,0.414,0.622,9.8,0.7,1.1,1.9,0.083,9.3,0.635,-2.6,-2.3,-0.3,-2.8236000000000003,0.461,-3.9000000000000004
257,Josh Okogie,SG,HOU,27,51,29,1012,5.3,2.9,0.9,0.9,0.2,0.7,1.6,0.438,0.388,0.6,11.5,1.2,0.8,2,0.096,10.1,0.559,-1.2,-2.3,1,-1.2144,0.482,-1.7999999999999998
258,Caris LeVert,SG,DET,31,35,0,689,7.7,1.8,2.9,0.9,0.7,1.3,1.5,0.434,0.327,0.679,17.7,1.1,0.2,1.3,0.09,12,0.539,0.4,-1.2,1.6,0.2756,0.506,0.6000000000000001
259,Tyrese Martin,SG,BRK,26,37,6,696,7.3,2.9,1.9,0.6,0.1,0.9,0.8,0.392,0.336,0.731,18.7,0.4,-0.1,0.3,0.022,10.9,0.507,-3,-1.5,-1.5,-2.088,0.455,-4.5
260,D'Angelo Russell,PG,DAL,29,26,3,495,10.2,2.3,4,0.5,0.1,1.9,1.2,0.405,0.295,0.717,26.1,0.4,-0.3,0.1,0.007,12.4,0.511,-2.2,-0.7,-1.5,-1.089,0.46699999999999997,-3.3000000000000003
261,Yves Missi,C,NOP,21,47,7,907,5.6,5.6,1.2,0.3,1.4,0.8,1.7,0.538,0,0.569,12.7,0.6,1.2,1.8,0.096,15,0.551,-2.3,-1.4,-0.9,-2.0861,0.4655,-3.4499999999999997
262,Jared McCain,SG,2TM,21,39,1,648,6.6,2.1,1.6,0.6,0.1,0.8,1.2,0.387,0.379,0.88,18.7,0.5,-0.2,0.4,0.027,9.4,0.506,-3.9,-2.9,-0.9,-2.5272,0.4415,-5.85
263,Mouhamed Gueye,PF,ATL,23,52,5,853,4.9,3.7,1,0.8,0.5,0.5,1.8,0.44,0.274,0.627,13.4,1.1,0.4,1.4,0.08,11.6,0.517,-2.5,-3.1,0.6,-2.1325,0.4625,-3.75
264,Drake Powell,SG,BRK,20,41,9,783,6.2,1.7,1.6,0.5,0.1,1,1.4,0.434,0.298,0.902,14.9,0.3,0.1,0.4,0.025,8.5,0.561,-5.1,-4.1,-1,-3.9933,0.4235,-7.6499999999999995
265,Jordan Walsh,PF,BOS,21,47,20,856,5.4,4.3,0.8,0.8,0.4,0.5,2.2,0.508,0.378,0.773,11.7,1.3,1.4,2.7,0.15,13.5,0.618,0,-1.4,1.3,0,0.5,0
266,Ryan Nembhard,PG,DAL,22,38,17,713,6.7,1.8,4.9,0.3,0,1.4,1.4,0.429,0.379,0.769,18,0.4,0,0.5,0.032,10.5,0.505,-4.3,-2.3,-2,-3.0658999999999996,0.4355,-6.449999999999999
267,Gary Payton II,SG,GSW,33,49,1,639,5.2,3.2,1.5,0.6,0.3,0.9,1.6,0.541,0.311,0.571,17,0.9,0.6,1.5,0.114,14.9,0.588,0.2,-1.2,1.4,0.1278,0.503,0.30000000000000004
268,Keon Ellis,SG,2TM,26,46,5,813,5.5,1.4,0.7,1.1,0.5,0.5,1.6,0.395,0.365,0.625,13.7,0.6,-0.1,0.5,0.028,9.3,0.534,-1.9,-3,1.1,-1.5446999999999997,0.47150000000000003,-2.8499999999999996
269,Al Horford,C,GSW,39,33,5,675,7.6,4.9,2.4,0.8,1.1,1,1.2,0.429,0.348,0.895,16.1,1.1,0.5,1.7,0.118,14.9,0.559,1.9,0.1,1.8,1.2825,0.5285,2.8499999999999996
270,Tristan Vukcevic,C,WAS,22,33,3,394,7.5,2.5,1.1,0.3,0.7,1.2,1.3,0.467,0.274,0.77,27,0.2,0.1,0.3,0.036,16.7,0.575,-1.6,-0.6,-1,-0.6304000000000001,0.476,-2.4000000000000004
271,Dean Wade,PF,CLE,29,43,22,980,5.8,4.1,1.6,0.8,0.4,0.3,1.6,0.417,0.34,0.75,9.9,1.1,1.1,2.2,0.109,10.4,0.564,-0.2,-1.3,1.2,-0.196,0.497,-0.30000000000000004
272,Isaiah Jackson,C,2TM,24,39,14,643,6.4,5.4,0.8,0.7,0.7,1.1,2.8,0.587,0,0.675,16.1,0.9,0.7,1.5,0.115,15.5,0.617,-2.5,-3,0.4,-1.6075,0.4625,-3.75
273,Goga Bitadze,C,ORL,26,42,1,672,5.9,5,1.2,0.7,1.2,0.5,2.1,0.687,0.2,0.731,12.2,1.2,2,3.1,0.223,20.4,0.711,3.4,0.9,2.4,2.2848,0.551,5.1
274,Gui Santos,PF,GSW,23,43,8,615,5.7,2.9,1.4,0.6,0.3,0.9,1.5,0.529,0.381,0.632,15.7,0.8,0.6,1.4,0.112,13.7,0.644,0.4,-0.8,1.2,0.246,0.506,0.6000000000000001
275,Jonathan Kuminga,PF,GSW,23,20,13,476,12.1,5.9,2.5,0.4,0.3,2.3,1.7,0.454,0.321,0.742,23.9,0.5,-0.2,0.3,0.032,12.5,0.543,-3.6,-2.5,-1.1,-1.7136,0.446,-5.4
276,Tyler Herro,SG,MIA,26,11,10,349,21.9,4.7,2.7,1,0.5,1.5,2,0.497,0.358,0.902,25,0.4,0.5,0.9,0.126,18,0.605,2.8,2.5,0.3,0.9771999999999998,0.542,4.199999999999999
277,Jaylin Williams,PF,OKC,23,39,8,748,6.2,4.9,2.5,0.6,0.6,1.1,2,0.368,0.324,0.768,15.6,1.6,0.2,1.8,0.117,11.8,0.527,0.9,-1.5,2.4,0.6732,0.5135,1.35
278,Bryce McGowens,SG,NOP,23,31,11,615,7.7,2,1.5,0.6,0.2,0.5,2,0.482,0.459,0.754,14.4,0.2,1,1.1,0.087,11.7,0.611,-3.1,-1.9,-1.2,-1.9065,0.4535,-4.65
279,Robert Williams,C,POR,28,37,1,608,6.5,6.5,1.1,0.6,1.4,0.8,1.2,0.754,0.438,0.731,12.1,1.1,1.7,2.8,0.222,22.9,0.782,5.6,3,2.6,3.4048,0.584,8.399999999999999
280,Tre Mann,PG,CHO,24,33,1,528,7.2,2.4,2.2,0.5,0.1,1.4,1.7,0.363,0.328,0.857,23.9,0.4,-0.6,-0.1,-0.012,8.5,0.468,-5,-3.6,-1.4,-2.64,0.425,-7.5
281,Pat Spencer,PG,GSW,29,38,7,578,6.3,2.3,3.1,0.7,0.1,1.1,1.1,0.44,0.413,0.781,19.3,0.6,0.5,1.1,0.093,13.8,0.538,0,-0.5,0.5,0,0.5,0
282,Cole Anthony,PG,MIL,25,35,0,527,6.7,2.5,3.5,0.6,0.3,1.9,2.1,0.424,0.306,0.615,25.8,0.5,-0.9,-0.4,-0.036,10.7,0.483,-4.7,-3.8,-0.8,-2.4769,0.4295,-7.050000000000001
283,Jaden Hardy,SG,DAL,23,34,4,428,6.9,1.4,0.9,0.3,0.1,0.8,1.1,0.402,0.371,0.775,23.4,0.3,-0.1,0.2,0.023,10.8,0.551,-3.7,-2,-1.7,-1.5836000000000001,0.4445,-5.550000000000001
284,Tyler Kolek,PG,NYK,24,47,1,627,4.9,1.9,2.9,0.4,0.1,1.1,1.3,0.426,0.365,0.667,18.5,0.6,0.2,0.9,0.066,11.3,0.516,-1.6,-1.6,0,-1.0032,0.476,-2.4000000000000004
285,Cody Williams,SG,UTA,21,40,15,771,5.8,2.3,0.9,0.6,0.4,0.6,1.8,0.478,0.234,0.613,12.9,0,0.1,0.1,0.004,8.1,0.526,-5.5,-3.6,-1.9,-4.2405,0.4175,-8.25
286,Craig Porter Jr.,PG,CLE,25,48,2,858,4.8,3.4,3.1,1,0.6,0.9,1.2,0.465,0.382,0.545,12.3,1.2,1.1,2.3,0.127,14.4,0.536,2.6,0.3,2.3,2.2308,0.539,3.9000000000000004
287,Kenrich Williams,PF,OKC,31,34,1,536,6.7,3.3,1.6,0.6,0.1,0.8,1.1,0.509,0.383,0.625,17.3,1,0.7,1.7,0.15,15,0.607,1.6,0.7,0.9,0.8576000000000001,0.524,2.4000000000000004
288,Alex Caruso,SG,OKC,31,35,0,652,6.4,2.7,2.1,1.4,0.4,0.8,1.3,0.434,0.313,0.781,15.3,1.4,0.5,1.9,0.14,13.9,0.554,2.8,-0.6,3.4,1.8256,0.542,4.199999999999999
289,Nicolas Batum,PF,LAC,37,51,4,992,4.4,2.6,0.8,0.7,0.4,0.7,1.5,0.397,0.394,0.818,10,0.8,0.2,1,0.049,7.8,0.593,-1.6,-2.1,0.5,-1.5872000000000002,0.476,-2.4000000000000004
290,Jarred Vanderbilt,PF,LAL,26,44,3,850,5.1,5,1.4,1,0.4,1,1.9,0.47,0.299,0.638,12.6,1,0.3,1.3,0.074,11.4,0.553,-1.7,-2.3,0.6,-1.4449999999999998,0.4745,-2.55
291,Paul Reed,C,DET,26,37,6,453,5.9,4.2,1.2,0.9,0.6,0.9,1.6,0.591,0.375,0.6,19.1,1.1,0.8,1.9,0.203,21.5,0.627,3.7,1.1,2.7,1.6761000000000001,0.5555,5.550000000000001
292,Nolan Traoré,PG,BRK,19,30,7,618,7,1.6,3.4,0.4,0.4,1.5,1.9,0.388,0.326,0.795,18.2,0.2,-0.4,-0.1,-0.01,8.1,0.495,-5.9,-4.2,-1.7,-3.6462000000000003,0.4115,-8.850000000000001
293,Jalen Pickett,SG,DEN,26,38,18,680,5.5,2.7,2.6,0.3,0.1,0.7,1,0.417,0.371,0.909,14.5,0.3,0.5,0.8,0.057,10.5,0.531,-2.3,-1.2,-1.1,-1.564,0.4655,-3.4499999999999997
294,Quenton Jackson,PG,IND,27,25,10,394,8.3,2,1.9,0.7,0.2,1.1,1.6,0.486,0.411,0.769,20.8,0.3,0.5,0.9,0.104,15.7,0.621,0.8,0,0.8,0.31520000000000004,0.512,1.2000000000000002
295,Derrick Jones Jr.,SF,LAC,28,21,16,515,9.9,2.6,1.1,0.9,1,0.8,2,0.543,0.394,0.763,15,0.4,0.8,1.2,0.116,14.4,0.66,0.5,0.3,0.2,0.2575,0.5075,0.75
296,Kris Murray,SF,POR,25,34,11,874,6.1,4,1.2,1.2,0.4,0.9,2,0.446,0.256,0.738,10.4,0.7,0.4,1.2,0.065,9.2,0.535,-1.9,-2.6,0.7,-1.6605999999999999,0.47150000000000003,-2.8499999999999996
297,Karlo Matković,PF,NOP,24,42,2,543,4.9,3.2,0.7,0.4,0.7,0.5,1.5,0.6,0.423,0.588,13.3,0.5,0.9,1.4,0.124,15.8,0.675,0.3,-0.2,0.5,0.16290000000000002,0.5045,0.44999999999999996
298,Jakob Poeltl,C,TOR,30,21,21,531,9.7,7.7,2.1,0.8,0.5,1.6,3.1,0.693,NA,0.596,14.5,0.8,0.9,1.7,0.154,16.3,0.691,0.4,-0.7,1.1,0.21240000000000003,0.506,0.6000000000000001
299,Aaron Holiday,PG,HOU,29,35,1,465,5.7,0.9,1,0.5,0.1,0.6,1.3,0.404,0.389,0.848,17.7,0.4,0.5,0.9,0.097,10.5,0.57,-2.1,-1.9,-0.2,-0.9765000000000001,0.4685,-3.1500000000000004
300,Micah Peavy,SG,NOP,24,46,1,693,4.3,2,1,0.7,0.1,0.3,1.5,0.382,0.239,0.733,14.5,0.3,-0.2,0.1,0.01,8.2,0.441,-5.4,-4.4,-1,-3.7422,0.419,-8.100000000000001
301,Jaylen Clark,SG,MIN,24,52,0,703,3.8,1.9,0.6,0.7,0.2,0.3,1.4,0.425,0.286,0.627,12.5,0.8,0.4,1.2,0.085,9.6,0.516,-2.8,-3.6,0.8,-1.9683999999999997,0.458,-4.199999999999999
302,Asa Newell,PF,ATL,20,38,1,437,5.2,2.1,0.5,0.4,0.3,0.6,1.6,0.541,0.403,0.56,17,0.4,0.5,0.9,0.095,13.8,0.634,-2,-1.3,-0.8,-0.874,0.47,-3
303,Thomas Bryant,C,CLE,28,38,0,392,5.2,2.8,0.6,0.2,0.4,0.4,1.2,0.522,0.366,0.833,17.7,0.5,0.9,1.4,0.173,17.7,0.652,0.7,0.9,-0.1,0.2744,0.5105,1.0499999999999998
304,Tidjane Salaün,PF,CHO,20,31,0,497,6.4,4.4,0.8,0.4,0.2,0.8,1.5,0.518,0.443,0.7,15.1,0.6,0.6,1.2,0.114,13.4,0.642,-0.6,-0.8,0.2,-0.29819999999999997,0.491,-0.8999999999999999
305,Kevin Love,PF,UTA,37,28,5,485,7,5.8,1.8,0.3,0.3,0.8,1.7,0.399,0.364,0.838,16.7,0.2,0.7,0.9,0.086,14.5,0.565,-0.4,0.9,-1.3,-0.194,0.494,-0.6000000000000001
306,Dalton Knecht,SF,LAL,24,42,1,489,4.7,1.5,0.4,0.2,0.2,0.5,1,0.447,0.306,0.7,17.6,0.2,0,0.2,0.02,9.3,0.548,-4.6,-2.6,-2,-2.2493999999999996,0.431,-6.8999999999999995
307,Mike Conley,PG,MIN,38,44,9,812,4.4,1.8,2.9,0.6,0.3,0.6,1.5,0.322,0.321,0.891,11.4,0.8,0.7,1.5,0.087,9,0.502,-1.7,-2.5,0.8,-1.3804,0.4745,-2.55
308,Jase Richardson,SG,ORL,20,38,0,464,5.1,1.4,1.2,0.3,0.1,0.6,1.1,0.468,0.364,0.73,17.5,0.3,0.4,0.7,0.071,11.3,0.573,-3.1,-1.7,-1.4,-1.4384000000000001,0.4535,-4.65
309,Trendon Watford,PF,PHI,25,31,5,505,6.2,3.4,2.6,0.3,0.3,1.1,2,0.524,0.37,0.721,16.5,0.5,0.6,1.1,0.102,13.5,0.589,-1,-1.4,0.4,-0.505,0.485,-1.5
310,Cam Whitmore,SF,WAS,21,21,0,354,9.2,2.8,0.7,0.7,0.4,0.9,1.2,0.456,0.286,0.742,23.7,0.1,-0.1,0.1,0.007,13.8,0.528,-3.2,-1.1,-2.1,-1.1328,0.452,-4.800000000000001
311,Trae Young,PG,ATL,27,10,10,280,19.3,1.5,8.9,1,0.1,2.6,2,0.415,0.305,0.863,28.8,0.2,0.7,0.8,0.145,19.8,0.577,1.3,3.3,-2,0.36400000000000005,0.5195,1.9500000000000002
312,Josh Minott,PF,BOS,23,33,10,526,5.8,3.6,1,0.7,0.4,0.6,1.5,0.507,0.442,0.769,13.8,0.8,1.1,1.8,0.168,15.7,0.651,2,0.9,1.1,1.052,0.53,3
313,Julian Strawther,SG,DEN,23,31,3,413,6.2,2.1,0.9,0.4,0.1,0.6,1.1,0.445,0.323,0.784,19.9,0.3,0.2,0.5,0.057,12.1,0.567,-3.4,-2.1,-1.4,-1.4042,0.449,-5.1
314,Justin Edwards,SF,PHI,22,40,5,570,4.8,1.5,1.1,0.7,0.2,0.6,1.5,0.402,0.346,0.913,14.7,0.5,0.2,0.7,0.062,9.6,0.546,-2.6,-2.9,0.2,-1.482,0.461,-3.9000000000000004
315,Taylor Hendricks,PF,2TM,22,36,6,559,5.3,3.2,0.8,0.5,0.2,0.6,1.3,0.438,0.329,0.667,14.3,0.2,0.2,0.4,0.032,10.2,0.551,-4.1,-2.2,-1.9,-2.2919,0.4385,-6.1499999999999995
316,Tyrese Proctor,PG,CLE,21,38,1,399,4.9,1.1,1.4,0.4,0,0.6,1.1,0.389,0.347,0.852,21,0.3,0.1,0.4,0.053,10.7,0.525,-3.4,-2.7,-0.7,-1.3566,0.449,-5.1
317,Steven Adams,C,HOU,32,32,11,730,5.8,8.6,1.5,0.7,0.6,1.1,1.7,0.504,NA,0.58,12,1,1.1,2.1,0.14,15.9,0.535,-0.5,-0.1,-0.4,-0.365,0.4925,-0.75
318,Hugo González,SF,BOS,19,48,2,736,3.9,3.4,0.6,0.6,0.3,0.6,1.8,0.463,0.329,0.476,11.7,1,0.2,1.2,0.078,9.3,0.54,-2.6,-3.7,1.1,-1.9136,0.461,-3.9000000000000004
319,Jalen Wilson,PF,BRK,25,34,0,497,5.4,1.6,0.6,0.4,0.1,0.6,1.3,0.374,0.354,0.761,17,0.2,-0.1,0.1,0.01,7.7,0.528,-5.8,-4,-1.9,-2.8826,0.41300000000000003,-8.7
320,Noah Penda,SF,ORL,21,37,2,516,5,3.8,1.2,0.6,0.4,0.9,1.4,0.435,0.385,0.641,16.6,0.7,0.2,0.9,0.085,13.3,0.538,-1,-1.2,0.2,-0.516,0.485,-1.5
321,Mitchell Robinson,C,NYK,27,38,14,751,4.8,8.9,1,0.8,1.1,0.6,2.4,0.69,NA,0.381,9.5,1.4,2.1,3.4,0.22,19.5,0.64,2.4,1.5,0.9,1.8024,0.536,3.5999999999999996
322,Adem Bona,C,PHI,22,44,3,713,4.1,3.9,0.2,0.3,1.3,0.7,2.1,0.583,0.4,0.667,10.6,0.9,0.7,1.6,0.105,12.1,0.626,-3.1,-3.6,0.4,-2.2103,0.4535,-4.65
323,Ochai Agbaji,SG,TOR,25,42,13,650,4.3,2.3,0.7,0.4,0.3,0.5,1.8,0.424,0.185,0.862,13.2,0.7,0,0.6,0.047,7.5,0.495,-4.9,-4.8,-0.1,-3.1850000000000005,0.4265,-7.3500000000000005
324,Jamaree Bouyea,PG,PHO,26,27,0,411,6.7,1.9,1.7,0.7,0.4,0.6,0.8,0.517,0.34,0.7,17.5,0.5,0.6,1.1,0.126,15.6,0.588,1.8,0.6,1.2,0.7398,0.527,2.7
325,Johnny Furphy,SG,IND,21,35,21,643,5.1,4.4,1.2,0.6,0.2,0.8,1.9,0.47,0.324,0.486,12.7,0.6,0,0.6,0.044,9.3,0.547,-3.7,-3.9,0.2,-2.3791,0.4445,-5.550000000000001
326,Baylor Scheierman,SG,BOS,25,48,7,682,3.7,2.8,1,0.6,0.1,0.4,1.4,0.443,0.394,0.857,10.6,0.9,0.8,1.7,0.117,10.5,0.606,-0.3,-2,1.7,-0.2046,0.4955,-0.44999999999999996
327,Christian Braun,SG,DEN,24,18,18,537,9.7,4.2,2.6,0.6,0.4,1.1,2.2,0.465,0.25,0.762,14.7,0.2,0.5,0.7,0.06,10.5,0.545,-3.3,-1.7,-1.6,-1.7721,0.4505,-4.949999999999999
328,Olivier-Maxence Prosper,PF,MEM,23,28,1,375,6.1,2.8,0.7,0.3,0.1,0.7,0.8,0.47,0.404,0.87,17.4,0.3,0.5,0.8,0.098,13.5,0.623,-2.4,-0.7,-1.8,-0.8999999999999999,0.464,-3.5999999999999996
329,Clint Capela,C,HOU,31,46,1,540,3.7,4.5,0.6,0.5,0.7,0.4,0.8,0.528,NA,0.556,13.7,1,0.9,1.9,0.172,19.1,0.539,0.8,0.3,0.5,0.43200000000000005,0.512,1.2000000000000002
330,Branden Carlson,C,OKC,26,34,2,373,4.9,2.6,0.6,0.2,0.5,0.4,0.9,0.523,0.356,0.529,17.3,0.7,0.5,1.2,0.151,15.5,0.604,-0.1,-0.4,0.3,-0.0373,0.4985,-0.15000000000000002
331,Jabari Walker,PF,PHI,23,45,6,543,3.7,3.1,0.5,0.4,0.2,0.4,1.6,0.403,0.27,0.727,14.1,0.6,0.3,0.9,0.078,10.3,0.505,-4.2,-3.6,-0.6,-2.2806,0.437,-6.300000000000001
332,Zeke Nnaji,PF,DEN,25,39,2,500,4.2,2.8,0.5,0.3,0.5,0.5,1.3,0.488,0.275,0.825,14.2,0.5,0.4,0.8,0.08,11.7,0.583,-3.4,-2.9,-0.5,-1.7,0.449,-5.1
333,Drew Eubanks,C,SAC,28,32,11,430,5.1,2.6,0.3,0.4,0.6,0.8,1.3,0.605,0.2,0.558,15.7,0.2,0.1,0.3,0.037,12.3,0.613,-4.2,-3.4,-0.8,-1.806,0.437,-6.300000000000001
334,Kyle Anderson,SF,2TM,32,22,2,454,7.3,3.5,2.9,1.2,0.6,1,2.3,0.546,0.6,0.651,14.6,0.3,0.5,0.8,0.084,14.2,0.584,-0.5,-1.3,0.8,-0.227,0.4925,-0.75
335,Lonzo Ball,PG,CLE,28,35,3,728,4.6,4,3.9,1.3,0.3,1.5,1.3,0.301,0.272,0.667,13.5,1.1,-0.4,0.7,0.043,9.5,0.432,-1.1,-3,1.9,-0.8008000000000001,0.4835,-1.6500000000000001
336,Trayce Jackson-Davis,C,2TM,25,37,1,427,4.3,3.3,0.9,0.4,0.5,0.5,1.1,0.585,1,0.565,15,0.6,0.8,1.4,0.16,16.9,0.6,0.1,-0.5,0.6,0.0427,0.5015,0.15000000000000002
337,Caleb Martin,SF,DAL,30,46,10,644,3.4,2.5,1.6,0.7,0.2,0.7,1.4,0.445,0.368,0.629,11.9,0.8,0,0.8,0.063,9.5,0.518,-1.9,-4,2.2,-1.2236,0.47150000000000003,-2.8499999999999996
338,Jordan Hawkins,SG,NOP,23,36,0,498,4.3,1.7,0.8,0.2,0.2,0.6,0.6,0.326,0.313,0.778,17,0.1,-0.7,-0.6,-0.059,5.4,0.434,-7.4,-4.3,-3.1,-3.6852,0.389,-11.100000000000001
339,Jett Howard,SF,ORL,22,33,0,342,4.7,1.3,0.8,0.2,0.1,0.2,0.9,0.39,0.337,0.913,18.9,0.2,0.3,0.6,0.079,11.5,0.534,-2.3,-0.9,-1.4,-0.7866,0.4655,-3.4499999999999997
340,Keaton Wallace,PG,ATL,26,40,2,446,3.9,1.2,2,0.5,0.1,0.6,1,0.419,0.405,0.545,15.3,0.4,0.2,0.6,0.07,11.3,0.547,-1.9,-2.1,0.3,-0.8473999999999999,0.47150000000000003,-2.8499999999999996
341,Kasparas Jakučionis,PG,MIA,19,28,8,468,5.4,2.4,2.4,0.7,0.1,0.9,2,0.397,0.468,0.87,13.6,0.5,0.5,1,0.1,10.6,0.58,-0.9,-1.9,1,-0.4212,0.4865,-1.35
342,Tony Bradley,C,IND,28,38,3,416,4,2.8,0.5,0.2,0.2,0.4,1.6,0.557,0.5,0.744,14.4,0.2,0.7,0.9,0.109,13.2,0.604,-3.9,-2.4,-1.5,-1.6223999999999998,0.4415,-5.85
343,Dylan Cardwell,C,SAC,24,28,1,589,5.4,7.6,1.2,0.8,1.7,0.8,3.7,0.607,0,0.556,10.5,0.7,1,1.6,0.133,15.9,0.611,-1.5,-2.6,1.1,-0.8835,0.4775,-2.25
344,Zach Edey,C,MEM,23,11,11,284,13.6,11.1,1.1,0.6,1.9,2.4,3.4,0.633,0.2,0.781,20.1,0.5,0.4,0.9,0.15,20.7,0.669,0.8,-0.5,1.3,0.22719999999999999,0.512,1.2000000000000002
345,Tyus Jones,PG,2TM,29,50,9,786,3,1.1,2.5,0.7,0.1,0.3,0.5,0.343,0.28,1,9.8,0.7,0.3,1,0.061,8.6,0.445,-2,-2.9,0.9,-1.572,0.47,-3
346,Micah Potter,C,IND,27,21,3,381,7,4,1.5,0.3,0.2,0.8,1.7,0.441,0.371,0.912,14.8,0.3,0.5,0.8,0.103,12.7,0.628,-1.2,-0.8,-0.4,-0.4572,0.482,-1.7999999999999998
347,Nick Smith Jr.,SG,LAL,21,25,1,318,5.8,0.8,1.1,0.4,0.1,0.8,1,0.421,0.391,0.636,21.4,0.1,-0.2,-0.1,-0.009,9.2,0.53,-5.2,-2.8,-2.4,-1.6536000000000002,0.422,-7.800000000000001
348,Guerschon Yabusele,C,2TM,30,44,2,448,3.2,2.3,0.5,0.2,0.2,0.4,1,0.396,0.322,0.667,14.9,0.5,0,0.5,0.051,9,0.51,-3.8,-2.9,-0.8,-1.7024,0.443,-5.699999999999999
349,Josh Green,SG,CHO,25,30,0,481,4.7,2,1,0.6,0.1,0.6,1.1,0.461,0.432,0.875,11.2,0.4,0.6,1,0.101,10.6,0.642,-0.4,-1,0.6,-0.19240000000000002,0.494,-0.6000000000000001
350,Gabe Vincent,PG,2TM,29,30,7,578,4.7,0.9,1.4,0.6,0,0.4,1.8,0.338,0.355,0.909,11.5,0.2,0.1,0.2,0.021,5.6,0.497,-4.9,-3.9,-0.9,-2.8322,0.4265,-7.3500000000000005
351,Carter Bryant,PF,SAS,20,42,0,389,3.3,1.9,0.3,0.2,0.2,0.3,0.9,0.37,0.32,0.667,17.2,0.5,-0.3,0.3,0.035,8.2,0.473,-5,-4.2,-0.8,-1.945,0.425,-7.5
352,Rob Dillingham,PG,2TM,21,37,0,370,3.7,1.4,1.7,0.6,0.1,1.1,1.1,0.342,0.351,0.773,23.6,0.5,-1,-0.5,-0.068,6.6,0.411,-7.9,-7.5,-0.4,-2.923,0.3815,-11.850000000000001
353,Rayan Rupert,SG,POR,21,46,0,552,2.9,1.8,0.7,0.6,0,0.5,1.3,0.364,0.319,0.643,12.5,0.5,-0.3,0.2,0.014,6.2,0.455,-4.7,-5.4,0.7,-2.5944000000000003,0.4295,-7.050000000000001
354,Bogdan Bogdanović,SG,LAC,33,17,3,372,7.6,2.8,2.6,0.5,0.1,1.3,2.4,0.372,0.324,0.842,18.1,0.2,-0.2,0,0.004,7.8,0.502,-4.3,-3.2,-1.1,-1.5996,0.4355,-6.449999999999999
355,Cam Christie,SG,LAC,20,38,0,379,3.4,1.6,0.6,0.3,0.1,0.4,0.4,0.398,0.286,0.762,16.7,0.2,0,0.2,0.028,9.7,0.514,-4.3,-3,-1.3,-1.6297,0.4355,-6.449999999999999
356,Malaki Branham,SG,WAS,22,28,0,275,4.6,1.6,0.8,0.4,0.1,0.5,0.8,0.473,0.378,0.824,18.4,0.1,0.3,0.4,0.071,14.1,0.604,-2.4,-0.9,-1.5,-0.66,0.464,-3.5999999999999996
357,Yanic Konan Niederhäuser,C,LAC,22,33,0,296,3.8,2.3,0.3,0.1,0.5,0.6,1.4,0.686,0,0.674,16.2,0.3,0.5,0.8,0.128,15.7,0.703,-3.5,-3,-0.5,-1.036,0.4475,-5.25
358,Jevon Carter,PG,2TM,30,24,0,258,5.2,1.1,0.8,0.5,0.1,0.5,0.8,0.387,0.4,1,19.8,0.2,0.1,0.2,0.045,11.9,0.562,-1.6,-1.1,-0.6,-0.41280000000000006,0.476,-2.4000000000000004
359,Jonathan Isaac,PF,ORL,28,44,0,439,2.8,2.5,0.4,0.4,0.6,0.4,0.8,0.436,0.194,0.64,12.7,0.7,0.1,0.8,0.087,11.9,0.522,-1.6,-2.7,1.2,-0.7024,0.476,-2.4000000000000004
360,Jamison Battle,SF,TOR,24,38,2,326,3.2,1.4,0.4,0.1,0.1,0.4,0.8,0.505,0.415,0.667,14.2,0.3,0.2,0.5,0.077,10.2,0.632,-3,-2.1,-0.9,-0.978,0.455,-4.5
361,Javon Small,PG,MEM,23,20,0,297,6,2.2,3.2,0.4,0.2,1.1,1.3,0.39,0.36,0.8,19.2,0.2,0.2,0.4,0.063,12.2,0.517,-2.3,-0.8,-1.5,-0.6830999999999999,0.4655,-3.4499999999999997
362,Jericho Sims,C,MIL,27,37,5,557,3.2,4.1,0.8,0.2,0.2,0.9,1.7,0.806,NA,0.556,8.6,0.4,0.6,1,0.086,10.2,0.788,-4.3,-3.7,-0.6,-2.3951000000000002,0.4355,-6.449999999999999
363,Dalen Terry,SG,CHI,23,34,0,377,3.5,1.9,1.3,0.6,0.3,0.6,1,0.441,0.413,0.529,14.6,0.4,0.1,0.5,0.059,11.7,0.539,-1.4,-2.4,1,-0.5277999999999999,0.479,-2.0999999999999996
364,Jamir Watkins,SG,WAS,24,26,3,463,4.5,3.6,0.8,0.8,0.5,0.6,2.4,0.394,0.232,0.742,12,0.3,0,0.3,0.03,8.8,0.502,-5.4,-5.2,-0.2,-2.5002000000000004,0.419,-8.100000000000001
365,Nick Richards,C,2TM,28,30,2,299,3.9,3.5,0.3,0.2,0.6,1,1.5,0.512,0.5,0.692,18.6,0.5,-0.1,0.4,0.059,12.8,0.562,-5.9,-5.3,-0.7,-1.7641,0.4115,-8.850000000000001
366,Liam McNeeley,SF,CHO,20,28,0,342,4.1,2.1,0.8,0.2,0.1,0.4,1.3,0.386,0.379,0.806,14,0.3,0.3,0.6,0.084,9.4,0.566,-2.3,-2,-0.4,-0.7866,0.4655,-3.4499999999999997
367,Jeremy Sochan,PF,SAS,22,28,0,358,4.1,2.6,1,0.4,0.2,0.6,1.8,0.475,0.257,0.688,14.6,0.5,0.1,0.6,0.08,9.8,0.538,-3.3,-3.6,0.3,-1.1813999999999998,0.4505,-4.949999999999999
368,Dwight Powell,C,DAL,34,39,7,538,2.9,3.6,1,0.5,0.3,0.5,1.9,0.621,0,0.645,8.2,0.7,0.8,1.5,0.136,11.7,0.657,-1.3,-3.2,1.9,-0.6994,0.4805,-1.9500000000000002
369,Moussa Cisse,C,DAL,23,30,1,359,3.7,4.5,0.2,0.3,1.1,0.7,1.9,0.609,NA,0.482,13.5,0.7,0.3,0.9,0.123,15,0.593,-2.9,-4.2,1.3,-1.0411,0.4565,-4.35
370,Mohamed Diawara,SF,NYK,20,44,6,297,2.5,1.1,0.5,0.2,0.1,0.3,0.7,0.452,0.4,0.5,15.6,0.3,0.1,0.5,0.079,10.8,0.57,-1.3,-1.7,0.5,-0.3861,0.4805,-1.9500000000000002
371,Moritz Wagner,C,ORL,28,12,0,138,9,3.1,0.3,0.5,0,0.7,1.6,0.493,0.469,0.864,28.3,0.2,0.2,0.4,0.146,20.8,0.638,1.2,2.4,-1.2,0.1656,0.518,1.7999999999999998
372,Kobe Brown,PF,2TM,26,35,0,314,3.1,1.7,0.8,0.3,0.1,0.5,0.5,0.409,0.28,0.786,16.4,0.2,0.2,0.4,0.061,11.7,0.538,-2.1,-1.1,-1,-0.6594,0.4685,-3.1500000000000004
373,Kelly Olynyk,C,SAS,34,30,0,284,3.5,1.9,1.2,0.4,0,0.6,1.2,0.481,0.237,0.667,16.3,0.4,0.3,0.7,0.114,12.7,0.569,-1.2,-2.1,0.9,-0.34079999999999994,0.482,-1.7999999999999998
374,Pete Nance,PF,MIL,25,21,0,218,5,1.9,0.6,0.3,0.1,0.4,0.8,0.609,0.526,NA,15.6,0.2,0.5,0.7,0.145,17.5,0.754,1.9,2.4,-0.5,0.41419999999999996,0.5285,2.8499999999999996
375,Devin Carter,PG,SAC,23,19,0,238,5.4,2.1,1.8,0.6,0.2,0.9,1.2,0.398,0.19,0.81,22.3,0.1,-0.2,0,-0.006,12,0.48,-3.4,-3,-0.4,-0.8091999999999999,0.449,-5.1
376,Ousmane Dieng,C,2TM,22,28,0,300,3.6,1.5,1,0.1,0.3,0.3,0.8,0.415,0.353,1,15.1,0.4,0.2,0.6,0.094,10.1,0.528,-1.5,-1.6,0,-0.44999999999999996,0.4775,-2.25
377,Myron Gardner,SF,MIA,24,25,3,231,4,2.7,1,0.5,0.2,0.2,1.7,0.468,0.4,0.722,15.9,0.4,0.5,0.9,0.191,16.8,0.595,2,-0.4,2.4,0.462,0.53,3
378,Julian Phillips,SF,2TM,22,36,2,338,2.8,1.2,0.2,0.5,0.2,0.2,0.9,0.427,0.327,0.818,12.6,0.2,0.2,0.4,0.055,9.4,0.538,-2.9,-2.8,-0.1,-0.9802000000000001,0.4565,-4.35
379,Jeremiah Robinson-Earl,PF,2TM,25,22,3,361,4.6,4.7,0.7,0.4,0,0.5,1.2,0.37,0.244,0.944,14,0.3,0,0.3,0.038,9.5,0.468,-5.1,-3.4,-1.6,-1.8410999999999997,0.4235,-7.6499999999999995
380,Ben Saraf,SG,BRK,19,21,5,366,4.8,1.5,2.8,0.8,0.2,1.9,1.2,0.318,0.255,0.741,18.8,0.2,-0.9,-0.7,-0.088,5.1,0.421,-7.9,-6.5,-1.4,-2.8914,0.3815,-11.850000000000001
381,Terrence Shannon Jr.,SG,MIN,25,22,0,282,4.5,1.3,0.6,0.3,0,0.7,1.3,0.395,0.405,0.778,16.1,0.2,-0.1,0.2,0.028,6.9,0.538,-5.7,-4.8,-0.9,-1.6074,0.4145,-8.55
382,Ty Jerome,SG,MEM,28,5,5,100,19.8,2.4,5.8,1.2,0.2,2,2.2,0.567,0.393,0.833,33.3,0.1,0.6,0.7,0.318,32.4,0.702,10.9,9.9,0.9,1.09,0.6635,16.35
383,John Konchar,SG,2TM,29,32,1,469,3.1,3.1,1.4,1,0.4,0.5,1.1,0.506,0.31,0.615,8.6,0.7,0.4,1.1,0.117,12.5,0.598,2,-1.6,3.6,0.938,0.53,3
384,Zach Collins,C,CHI,28,10,0,184,9.7,5.6,1.5,0.2,0.4,1,1.8,0.578,0.429,0.7,18.9,0.1,0.4,0.5,0.138,18.1,0.666,0.1,1,-0.9,0.0184,0.5015,0.15000000000000002
385,Ethan Thompson,SG,IND,26,21,5,325,4.5,1.7,1.4,0.5,0.3,0.6,1.9,0.371,0.3,0.688,14.1,0.2,-0.1,0.1,0.022,7.5,0.495,-3.8,-3.9,0.1,-1.2349999999999999,0.443,-5.699999999999999
386,Gary Harris,SG,MIL,31,37,2,547,2.5,1.4,1.1,0.6,0.2,0.4,1.2,0.452,0.435,0.889,7.4,0.3,0.4,0.7,0.061,7.5,0.611,-2.7,-3.5,0.8,-1.4769,0.4595,-4.050000000000001
387,Duop Reath,C,POR,29,32,0,258,2.9,1.2,0.3,0.2,0.3,0.2,0.9,0.446,0.418,0.833,13.1,0.2,0.3,0.5,0.095,10.7,0.613,-0.9,-0.7,-0.2,-0.23220000000000002,0.4865,-1.35
388,Marcus Sasser,PG,DET,25,16,0,163,5.6,0.9,2,0.7,0.1,0.7,0.9,0.456,0.409,0.909,21.3,0.3,0.4,0.6,0.189,18.3,0.618,3.8,1.8,2,0.6194,0.5569999999999999,5.699999999999999
389,Larry Nance Jr.,PF,CLE,33,24,2,317,3.6,2.6,1,0.6,0.2,0.5,1.9,0.378,0.319,0.6,13.5,0.4,0,0.4,0.056,8.4,0.466,-3.8,-4.6,0.8,-1.2046,0.443,-5.699999999999999
390,KJ Simpson,PG,CHO,23,14,2,223,6,2.1,2.5,1.1,0,1.7,1,0.348,0.308,0.625,22.7,0.3,-0.5,-0.2,-0.044,7.8,0.437,-5.6,-5.7,0.1,-1.2488,0.41600000000000004,-8.399999999999999
391,Grant Williams,PF,CHO,27,13,0,234,6.4,3.7,1.3,0.5,0.2,0.6,1.4,0.394,0.304,0.85,14.9,0.2,0.3,0.5,0.105,11.8,0.555,0,-0.8,0.8,0,0.5,0
392,Jae'Sean Tate,SF,HOU,30,31,0,254,2.6,1.5,0.5,0.2,0.1,0.3,1.1,0.5,0.318,0.571,13.4,0.3,0.3,0.6,0.106,11,0.554,-3.4,-3,-0.5,-0.8636,0.449,-5.1
393,Joan Beringer,PF,MIN,19,26,0,176,3.1,2,0.3,0.1,0.4,0.3,1,0.673,NA,0.545,16.2,0.2,0.4,0.7,0.181,18.8,0.668,-0.7,-0.7,0,-0.12319999999999999,0.4895,-1.0499999999999998
394,Jalen Green,SG,PHO,23,7,2,107,11.1,2.1,2.3,0.4,0,1.4,0.6,0.409,0.351,0.846,32.2,0.1,0,0.1,0.065,16.6,0.544,1.2,2.4,-1.2,0.1284,0.518,1.7999999999999998
395,Ariel Hukporti,C,NYK,23,38,4,352,2.1,2.9,0.5,0.1,0.6,0.5,1.3,0.558,0.25,0.731,10,0.5,0.3,0.8,0.114,11.7,0.615,-2.3,-3.6,1.3,-0.8095999999999999,0.4655,-3.4499999999999997
396,Garrison Mathews,SG,IND,29,15,1,196,5.2,1.1,0.7,0.4,0.2,0.2,1.3,0.404,0.37,0.826,14.1,0.1,0.3,0.4,0.107,11.4,0.628,-1.1,-1.2,0.1,-0.21560000000000001,0.4835,-1.6500000000000001
397,Amir Coffey,SG,2TM,28,31,2,278,2.5,0.9,0.4,0.1,0.1,0.2,0.6,0.483,0.296,0.824,11.2,0.1,0.3,0.3,0.06,8.7,0.596,-4.9,-3.2,-1.7,-1.3622000000000003,0.4265,-7.3500000000000005
398,Walker Kessler,C,UTA,24,5,5,154,14.4,10.8,3,1.4,1.8,3.2,4.4,0.703,0.75,0.7,16.6,0.1,0.3,0.5,0.148,20.7,0.786,3.3,1.7,1.7,0.5082,0.5495,4.949999999999999
399,Yang Hansen,C,POR,20,32,1,247,2.2,1.7,0.7,0.1,0.3,0.9,1.2,0.293,0.135,0.944,19.5,0.2,-0.8,-0.6,-0.111,2,0.389,-10.1,-9.5,-0.6,-2.4947,0.34850000000000003,-15.149999999999999
400,AJ Johnson,SG,2TM,21,27,0,222,2.6,1.1,0.9,0.3,0,0.7,0.6,0.31,0.259,0.75,20.7,0,-0.7,-0.6,-0.14,3.7,0.379,-11.2,-7.7,-3.5,-2.4863999999999997,0.332,-16.799999999999997
401,Rasheer Fleming,PF,PHO,21,29,0,189,2.4,1.3,0.2,0.2,0.2,0.2,0.7,0.347,0.22,0.727,19.4,0.2,-0.1,0.1,0.015,8.8,0.432,-6.7,-4.9,-1.8,-1.2663,0.3995,-10.05
402,Blake Wesley,SG,POR,22,11,0,173,6.3,1.9,3,1.1,0.1,1.3,1.5,0.45,0.368,0.533,18.8,0.2,0,0.2,0.064,12.6,0.518,-1.8,-2.6,0.8,-0.3114,0.473,-2.7
403,PJ Hall,C,2TM,23,15,2,154,4.6,3.5,0.5,0.1,0.6,0.7,1.1,0.591,0.6,0.7,17.4,0.2,0.3,0.5,0.141,17.7,0.653,-0.5,-0.1,-0.4,-0.077,0.4925,-0.75
404,Keshad Johnson,SF,MIA,24,21,0,159,3.1,1.9,0.1,0.2,0.2,0.4,0.8,0.404,0.304,0.765,18.7,0.2,-0.1,0.1,0.044,10.3,0.512,-5.2,-4.3,-0.9,-0.8268000000000001,0.422,-7.800000000000001
405,Chris Youngblood,SG,OKC,23,32,0,174,2,0.9,0.3,0.1,0.1,0.1,0.6,0.333,0.314,0.9,16.5,0.3,0.1,0.4,0.108,10.1,0.505,-3,-2.5,-0.4,-0.522,0.455,-4.5
406,RayJ Dennis,PG,3TM,24,15,0,177,4.3,1.5,2,0.3,0.3,1,1.1,0.301,0.308,0.889,22,0.1,-0.4,-0.3,-0.072,6.7,0.416,-5,-4,-1,-0.885,0.425,-7.5
407,Pat Connaughton,SG,CHO,33,22,0,155,2.9,1.4,0.6,0.2,0,0.1,0.2,0.489,0.407,0.615,14.6,0.2,0.4,0.5,0.156,15.5,0.621,3,1.9,1.1,0.46499999999999997,0.545,4.5
408,Bronny James,SG,LAL,21,28,1,209,2.3,0.5,1.3,0.4,0.1,0.5,0.6,0.407,0.423,0.8,15.6,0.1,0,0.1,0.033,9.8,0.515,-3.2,-2.4,-0.8,-0.6688000000000001,0.452,-4.800000000000001
409,Isaiah Livers,PF,PHO,27,29,0,294,2.2,1.9,0.7,0.4,0.3,0.4,0.9,0.423,0.343,0.7,9.8,0.4,0.2,0.5,0.089,9.6,0.559,-0.9,-2.5,1.6,-0.2646,0.4865,-1.35
410,Drew Timme,PF,LAL,25,17,0,148,3.7,1.4,0.8,0.3,0,0.4,0.6,0.565,0.412,0.571,16.1,0.1,0.3,0.4,0.116,15.1,0.642,-0.8,0.6,-1.4,-0.1184,0.488,-1.2000000000000002
411,Anthony Gill,PF,WAS,33,27,0,206,2.3,1.6,0.3,0.4,0.2,0.4,0.8,0.558,0.333,0.833,11.8,0.1,0.2,0.3,0.066,11.8,0.642,-4.2,-3.5,-0.8,-0.8652,0.437,-6.300000000000001
412,Chaz Lanier,SG,DET,24,19,0,168,3.3,1,0.7,0.3,0,0.1,0.4,0.382,0.341,1,14.6,0.2,0.3,0.4,0.125,11.3,0.542,-1,-0.5,-0.5,-0.168,0.485,-1.5
413,Maxi Kleber,PF,LAL,34,28,1,321,2.2,2,0.7,0.4,0.2,0.4,1.5,0.42,0.263,0.7,9.4,0.2,0.2,0.4,0.058,7.8,0.519,-3.9,-3.9,0,-1.2519,0.4415,-5.85
414,Sharife Cooper,PG,WAS,24,11,0,147,5.4,2,1.6,0.2,0.1,1.4,1.1,0.558,0.429,0.714,17.3,0,0,0,-0.002,10.4,0.64,-6.1,-3.3,-2.8,-0.8966999999999999,0.4085,-9.149999999999999
415,Dorian Finney-Smith,PF,HOU,32,20,0,316,2.9,2.4,0.8,0.4,0.2,0.6,1.7,0.299,0.245,1,10.6,0.3,-0.1,0.2,0.026,4.5,0.419,-5.7,-5.4,-0.3,-1.8012000000000001,0.4145,-8.55
416,DaRon Holmes,PF,DEN,23,15,6,176,3.9,1.6,1,0,0.3,0.3,1.1,0.442,0.412,0.75,12.8,0.1,0.3,0.3,0.084,10.3,0.623,-2.2,-0.6,-1.6,-0.3872,0.46699999999999997,-3.3000000000000003
417,Christian Koloko,C,3TM,25,20,4,306,2.8,3.3,0.7,0.6,1,0.6,2.1,0.433,0.2,0.5,10.1,0.4,-0.1,0.3,0.042,8.3,0.447,-4.3,-5.7,1.4,-1.3157999999999999,0.4355,-6.449999999999999
418,Jordan McLaughlin,PG,SAS,29,25,0,155,2.2,0.7,0.8,0.5,0,0.4,0.4,0.426,0.417,0.8,15.8,0.3,0,0.3,0.097,12.4,0.549,0.2,-2.5,2.7,0.031,0.503,0.30000000000000004
419,Lindy Waters III,SG,SAS,28,28,0,191,1.9,0.8,0.4,0.1,0,0.1,0.6,0.352,0.319,1,12.9,0.2,0,0.2,0.044,6,0.496,-3.6,-3.6,0,-0.6876,0.446,-5.4
420,JD Davison,PG,HOU,23,24,0,178,2.2,0.9,1.1,0.2,0.2,0.3,0.7,0.392,0.296,0.556,14.6,0.2,0.1,0.3,0.078,9.6,0.482,-2,-2.9,0.8,-0.356,0.47,-3
421,Jamal Cain,SF,ORL,26,19,0,132,2.7,0.7,0.3,0.2,0.1,0.4,1.2,0.395,0.316,0.833,16.9,0.1,0,0.1,0.052,8.2,0.555,-6.6,-5.1,-1.5,-0.8712,0.401,-9.899999999999999
422,Bradley Beal,SG,LAC,32,6,6,121,8.2,0.8,1.7,0.5,0,1.5,2.3,0.375,0.368,0.75,22.2,0,-0.2,-0.2,-0.073,5.1,0.476,-10.6,-6.6,-3.9,-1.2826,0.34099999999999997,-15.899999999999999
423,A.J. Lawson,SG,TOR,25,13,0,109,3.8,1.8,0.2,0.3,0.2,0.3,1.2,0.39,0.364,1,19.1,0.2,0.1,0.2,0.093,12.1,0.545,-2.7,-2.3,-0.4,-0.2943,0.4595,-4.050000000000001
424,Taurean Prince,SF,MIL,31,8,0,169,6.1,1.6,1,0.8,0.3,0.6,2.5,0.447,0.429,1,11.6,0.1,0.1,0.2,0.05,7.8,0.623,-3.7,-3.3,-0.3,-0.6253000000000001,0.4445,-5.550000000000001
425,Chris Paul,PG,LAC,40,16,0,228,2.9,1.8,3.3,0.7,0,1,1.4,0.321,0.333,0.5,14.2,0.2,-0.1,0.1,0.015,8.2,0.413,-4.3,-4,-0.3,-0.9804,0.4355,-6.449999999999999
426,Kevon Looney,C,NOP,29,17,6,237,2.7,5.1,1.5,0.4,0.5,0.5,1.8,0.426,0.111,0.625,10.3,0.2,0.3,0.5,0.094,13,0.455,-2.5,-1.7,-0.8,-0.5925,0.4625,-3.75
427,Hunter Tyson,PF,DEN,25,21,2,162,2.2,1.7,0.8,0.1,0,0.2,0.6,0.269,0.212,0.846,17,0.1,-0.2,-0.1,-0.017,6.5,0.398,-7,-5.2,-1.8,-1.1340000000000001,0.395,-10.5
428,Brooks Barnhizer,SG,OKC,23,28,0,214,1.6,1.7,0.5,0.2,0.1,0.3,0.7,0.409,0.333,0.667,10.8,0.4,0,0.4,0.08,7.4,0.482,-3,-3.9,0.9,-0.642,0.455,-4.5
429,Kam Jones,SG,IND,23,17,1,183,2.6,1,1.2,0.2,0,0.2,0.6,0.413,0.211,0.5,12,0.1,0,0.1,0.018,7.2,0.461,-5.5,-4.2,-1.2,-1.0065,0.4175,-8.25
431,Taelon Peter,SG,IND,23,23,0,169,1.9,1,0.9,0.3,0.1,0.4,0.4,0.298,0.279,0.667,14.9,0.1,-0.2,-0.1,-0.014,7.2,0.443,-4.1,-3.7,-0.3,-0.6929,0.4385,-6.1499999999999995
435,Jahmai Mashack,SG,MEM,23,11,1,120,3.5,1.2,0.9,1.4,0,0.8,1,0.457,0.333,NA,15.2,0.2,-0.1,0.1,0.043,10.8,0.543,-2.4,-5.4,2.9,-0.288,0.464,-3.5999999999999996
436,Andre Jackson Jr.,SG,MIL,24,25,0,162,1.4,0.8,1,0.2,0.1,0.3,1,0.25,0.192,0.9,15.4,0.1,-0.2,-0.1,-0.022,5.6,0.372,-7.7,-6.4,-1.2,-1.2474,0.3845,-11.55
437,Nigel Hayes-Davis,SF,PHO,31,27,0,195,1.3,1.2,0.3,0.3,0.1,0.3,0.6,0.326,0.125,0.5,12.1,0.2,-0.3,-0.1,-0.022,4.2,0.356,-7.3,-6.4,-0.9,-1.4235,0.3905,-10.95
438,Miles Kelly,PG,DAL,23,12,0,102,2.8,1.6,0.7,0.3,0,0.3,0.9,0.394,0.308,NA,15.2,0.1,0,0.1,0.043,8.7,0.515,-5.6,-5,-0.6,-0.5711999999999999,0.41600000000000004,-8.399999999999999
440,Daeqwon Plowden,SG,SAC,27,6,1,127,5.5,2.8,1.2,0.2,0.2,0.5,1.8,0.361,0.2,1,13.4,0,0,0,-0.012,6.6,0.447,-7.7,-4.3,-3.4,-0.9779,0.3845,-11.55
443,Xavier Tillman Sr.,C,BOS,27,14,1,111,2.2,1.8,0.4,0.4,0.1,0.4,0.6,0.452,0.2,NA,14,0.2,0,0.2,0.075,11.3,0.5,-1.4,-2.1,0.8,-0.15539999999999998,0.479,-2.0999999999999996
444,Dereck Lively II,C,DAL,21,7,4,115,4.3,5.3,1.9,0.6,1.6,1.4,3,0.611,NA,0.8,11.8,0.2,0.1,0.3,0.139,15,0.67,0.8,-3,3.8,0.09200000000000001,0.512,1.2000000000000002
445,Kevin McCullar Jr.,SF,NYK,24,15,0,113,2,1.5,1.3,0.3,0,0.7,1.2,0.379,0.375,0.4,15.8,0.1,-0.1,0.1,0.028,7.9,0.481,-4.1,-4.5,0.4,-0.4633,0.4385,-6.1499999999999995
447,Jonathan Mogbo,PF,TOR,24,23,0,139,1.3,1.6,0.4,0.2,0.2,0.3,0.6,0.5,NA,0.4,11.1,0.2,0,0.2,0.071,9.9,0.497,-4.3,-4.3,0,-0.5977,0.4355,-6.449999999999999
448,Luke Travers,SG,CLE,24,12,0,103,2.3,2,0.8,0.6,0.3,0.3,0.5,0.25,0.063,1,17.3,0.2,-0.1,0.1,0.026,10.2,0.35,-3.2,-4.2,1,-0.3296,0.452,-4.800000000000001
450,Mason Plumlee,C,CHO,35,14,2,125,1.9,2.9,1.1,0.4,0,0.6,0.7,0.75,NA,0.667,8.9,0.2,0.2,0.3,0.132,13.4,0.752,0.8,-1.6,2.5,0.1,0.512,1.2000000000000002
462,Amari Williams,PF,BOS,24,14,2,112,1.6,2.1,0.4,0.1,0.6,0.4,1.1,0.438,NA,0.667,10.5,0.2,0,0.2,0.076,9.6,0.517,-2.5,-5,2.4,-0.28,0.4625,-3.75
471,Lachlan Olbrich,C,CHI,22,16,0,116,1.1,2.3,0.8,0.1,0.1,0.3,1.4,0.353,0.167,0.4,9.2,0.1,0,0.1,0.041,6.5,0.397,-6.1,-5.9,-0.2,-0.7076,0.4085,-9.149999999999999
